2026-09-17 11:41:22,107 INFO 34789759 <module>: 0002 test
2026-09-17 11:53:37,166 INFO 34789759 <module>: 0002 test
2026-09-17 11:53:48,229 INFO 24461246 
    : 0014 c:\Users\Utilisateur\Desktop\liste_depots\projet_groupe_mongodb\data
2026-09-17 11:53:48,232 INFO 24461246 
    : 0019 
============================================================
2026-09-17 11:53:48,234 INFO 24461246 
    : 0020 FILE: olist_customers_dataset.csv
2026-09-17 11:53:48,235 INFO 24461246 
    : 0021 ============================================================
2026-09-17 11:53:48,512 INFO 24461246 
    : 0027 Shape: (99441, 5)
2026-09-17 11:53:48,513 INFO 24461246 
    : 0028 
Columns:
2026-09-17 11:53:48,515 INFO 24461246 
    : 0029 ['customer_id', 'customer_unique_id', 'customer_zip_code_prefix', 'customer_city', 'customer_state']
2026-09-17 11:53:48,519 INFO 24461246 
    : 0031 
Data types:
2026-09-17 11:53:48,521 INFO 24461246 
    : 0032 customer_id                   str
customer_unique_id            str
customer_zip_code_prefix    int64
customer_city                 str
customer_state                str
dtype: object
2026-09-17 11:53:48,529 INFO 24461246 
    : 0034 
Missing values:
2026-09-17 11:53:48,532 INFO 24461246 
    : 0035 customer_id                 0
customer_unique_id          0
customer_zip_code_prefix    0
customer_city               0
customer_state              0
dtype: int64
2026-09-17 11:53:48,538 INFO 24461246 
    : 0037 
First 5 rows:
2026-09-17 11:53:48,544 INFO 24461246 
    : 0038                         customer_id                customer_unique_id  \
0  06b8999e2fba1a1fbc88172c00ba8bc7  861eff4711a542e4b93843c6dd7febb0   
1  18955e83d337fd6b2def6b18a428ac77  290c77bc529b7ac935b93aa66c333dc3   
2  4e7b3e00288586ebd08712fdd0374a03  060e732b5b29e8181a18229c7b0b2b5e   
3  b2b6027bc5c5109e529d4dc6358b12c3  259dac757896d24d7702b9acbbff3f3c   
4  4f2d8ab171c80ec8364f7c12e35b23ad  345ecd01c38d18a9036ed96c73b8d066   

   customer_zip_code_prefix          customer_city customer_state  
0                     14409                 franca             SP  
1                      9790  sao bernardo do campo             SP  
2                      1151              sao paulo             SP  
3                      8775        mogi das cruzes             SP  
4                     13056               campinas             SP  
2026-09-17 11:53:48,560 INFO 24461246 
    : 0040 
Numeric statistics:
2026-09-17 11:53:48,573 INFO 24461246 
    : 0041        customer_zip_code_prefix
count              99441.000000
mean               35137.474583
std                29797.938996
min                 1003.000000
25%                11347.000000
50%                24416.000000
75%                58900.000000
max                99990.000000
2026-09-17 11:53:48,664 INFO 24461246 
    : 0045 
--- Duplicates ---
2026-09-17 11:53:48,673 INFO 24461246 
    : 0046 Duplicate rows: 0
2026-09-17 11:53:48,715 INFO 24461246 
    : 0050 customer_id: 0 duplicate values
2026-09-17 11:53:48,751 INFO 24461246 
    : 0050 customer_unique_id: 3,345 duplicate values
2026-09-17 11:53:48,758 INFO 24461246 
    : 0050 customer_zip_code_prefix: 84,447 duplicate values
2026-09-17 11:53:48,769 INFO 24461246 
    : 0050 customer_city: 95,322 duplicate values
2026-09-17 11:53:48,777 INFO 24461246 
    : 0050 customer_state: 99,414 duplicate values
2026-09-17 11:53:48,779 INFO 24461246 
    : 0019 
============================================================
2026-09-17 11:53:48,781 INFO 24461246 
    : 0020 FILE: olist_geolocation_dataset.csv
2026-09-17 11:53:48,786 INFO 24461246 
    : 0021 ============================================================
2026-09-17 11:53:49,689 INFO 24461246 
    : 0027 Shape: (1000163, 5)
2026-09-17 11:53:49,699 INFO 24461246 
    : 0028 
Columns:
2026-09-17 11:53:49,699 INFO 24461246 
    : 0029 ['geolocation_zip_code_prefix', 'geolocation_lat', 'geolocation_lng', 'geolocation_city', 'geolocation_state']
2026-09-17 11:53:49,701 INFO 24461246 
    : 0031 
Data types:
2026-09-17 11:53:49,705 INFO 24461246 
    : 0032 geolocation_zip_code_prefix      int64
geolocation_lat                float64
geolocation_lng                float64
geolocation_city                   str
geolocation_state                  str
dtype: object
2026-09-17 11:53:49,708 INFO 24461246 
    : 0034 
Missing values:
2026-09-17 11:53:49,719 INFO 24461246 
    : 0035 geolocation_zip_code_prefix    0
geolocation_lat                0
geolocation_lng                0
geolocation_city               0
geolocation_state              0
dtype: int64
2026-09-17 11:53:49,723 INFO 24461246 
    : 0037 
First 5 rows:
2026-09-17 11:53:49,725 INFO 24461246 
    : 0038    geolocation_zip_code_prefix  geolocation_lat  geolocation_lng  \
0                         1037       -23.545621       -46.639292   
1                         1046       -23.546081       -46.644820   
2                         1046       -23.546129       -46.642951   
3                         1041       -23.544392       -46.639499   
4                         1035       -23.541578       -46.641607   

  geolocation_city geolocation_state  
0        sao paulo                SP  
1        sao paulo                SP  
2        sao paulo                SP  
3        sao paulo                SP  
4        sao paulo                SP  
2026-09-17 11:53:49,732 INFO 24461246 
    : 0040 
Numeric statistics:
2026-09-17 11:53:49,845 INFO 24461246 
    : 0041        geolocation_zip_code_prefix  geolocation_lat  geolocation_lng
count                 1.000163e+06     1.000163e+06     1.000163e+06
mean                  3.657417e+04    -2.117615e+01    -4.639054e+01
std                   3.054934e+04     5.715866e+00     4.269748e+00
min                   1.001000e+03    -3.660537e+01    -1.014668e+02
25%                   1.107500e+04    -2.360355e+01    -4.857317e+01
50%                   2.653000e+04    -2.291938e+01    -4.663788e+01
75%                   6.350400e+04    -1.997962e+01    -4.376771e+01
max                   9.999000e+04     4.506593e+01     1.211054e+02
2026-09-17 11:53:50,262 INFO 24461246 
    : 0045 
--- Duplicates ---
2026-09-17 11:53:50,264 INFO 24461246 
    : 0046 Duplicate rows: 261,831
2026-09-17 11:53:50,279 INFO 24461246 
    : 0050 geolocation_zip_code_prefix: 981,148 duplicate values
2026-09-17 11:53:50,325 INFO 24461246 
    : 0050 geolocation_lat: 282,803 duplicate values
2026-09-17 11:53:50,374 INFO 24461246 
    : 0050 geolocation_lng: 282,550 duplicate values
2026-09-17 11:53:50,421 INFO 24461246 
    : 0050 geolocation_city: 992,152 duplicate values
2026-09-17 11:53:50,457 INFO 24461246 
    : 0050 geolocation_state: 1,000,136 duplicate values
2026-09-17 11:53:50,458 INFO 24461246 
    : 0019 
============================================================
2026-09-17 11:53:50,459 INFO 24461246 
    : 0020 FILE: olist_orders_dataset.csv
2026-09-17 11:53:50,460 INFO 24461246 
    : 0021 ============================================================
2026-09-17 11:53:50,951 INFO 24461246 
    : 0027 Shape: (99441, 8)
2026-09-17 11:53:50,953 INFO 24461246 
    : 0028 
Columns:
2026-09-17 11:53:50,955 INFO 24461246 
    : 0029 ['order_id', 'customer_id', 'order_status', 'order_purchase_timestamp', 'order_approved_at', 'order_delivered_carrier_date', 'order_delivered_customer_date', 'order_estimated_delivery_date']
2026-09-17 11:53:50,957 INFO 24461246 
    : 0031 
Data types:
2026-09-17 11:53:50,957 INFO 24461246 
    : 0032 order_id                         str
customer_id                      str
order_status                     str
order_purchase_timestamp         str
order_approved_at                str
order_delivered_carrier_date     str
order_delivered_customer_date    str
order_estimated_delivery_date    str
dtype: object
2026-09-17 11:53:50,961 INFO 24461246 
    : 0034 
Missing values:
2026-09-17 11:53:50,965 INFO 24461246 
    : 0035 order_id                            0
customer_id                         0
order_status                        0
order_purchase_timestamp            0
order_approved_at                 160
order_delivered_carrier_date     1783
order_delivered_customer_date    2965
order_estimated_delivery_date       0
dtype: int64
2026-09-17 11:53:50,970 INFO 24461246 
    : 0037 
First 5 rows:
2026-09-17 11:53:50,971 INFO 24461246 
    : 0038                            order_id                       customer_id  \
0  e481f51cbdc54678b7cc49136f2d6af7  9ef432eb6251297304e76186b10a928d   
1  53cdb2fc8bc7dce0b6741e2150273451  b0830fb4747a6c6d20dea0b8c802d7ef   
2  47770eb9100c2d0c44946d9cf07ec65d  41ce2a54c0b03bf3443c3d931a367089   
3  949d5b44dbf5de918fe9c16f97b45f8a  f88197465ea7920adcdbec7375364d82   
4  ad21c59c0840e6cb83a9ceb5573f8159  8ab97904e6daea8866dbdbc4fb7aad2c   

  order_status order_purchase_timestamp    order_approved_at  \
0    delivered      2017-10-02 10:56:33  2017-10-02 11:07:15   
1    delivered      2018-07-24 20:41:37  2018-07-26 03:24:27   
2    delivered      2018-08-08 08:38:49  2018-08-08 08:55:23   
3    delivered      2017-11-18 19:28:06  2017-11-18 19:45:59   
4    delivered      2018-02-13 21:18:39  2018-02-13 22:20:29   

  order_delivered_carrier_date order_delivered_customer_date  \
0          2017-10-04 19:55:00           2017-10-10 21:25:13   
1          2018-07-26 14:31:00           2018-08-07 15:27:45   
2          2018-08-08 13:50:00           2018-08-17 18:06:29   
3          2017-11-22 13:39:59           2017-12-02 00:28:42   
4          2018-02-14 19:46:34           2018-02-16 18:17:02   

  order_estimated_delivery_date  
0           2017-10-18 00:00:00  
1           2018-08-13 00:00:00  
2           2018-09-04 00:00:00  
3           2017-12-15 00:00:00  
4           2018-02-26 00:00:00  
2026-09-17 11:53:50,983 INFO 24461246 
    : 0040 
Numeric statistics:
2026-09-17 11:53:51,234 INFO 24461246 
    : 0041                                 order_id                       customer_id  \
count                              99441                             99441   
unique                             99441                             99441   
top     e481f51cbdc54678b7cc49136f2d6af7  9ef432eb6251297304e76186b10a928d   
freq                                   1                                 1   

       order_status order_purchase_timestamp    order_approved_at  \
count         99441                    99441                99281   
unique            8                    98875                90733   
top       delivered      2018-03-31 15:08:21  2018-02-27 04:31:10   
freq          96478                        3                    9   

       order_delivered_carrier_date order_delivered_customer_date  \
count                         97658                         96476   
unique                        81018                         95664   
top             2018-05-09 15:48:00           2018-05-14 20:02:44   
freq                             47                             3   

       order_estimated_delivery_date  
count                          99441  
unique                           459  
top              2017-12-20 00:00:00  
freq                             522  
2026-09-17 11:53:51,327 INFO 24461246 
    : 0045 
--- Duplicates ---
2026-09-17 11:53:51,328 INFO 24461246 
    : 0046 Duplicate rows: 0
2026-09-17 11:53:51,346 INFO 24461246 
    : 0050 order_id: 0 duplicate values
2026-09-17 11:53:51,364 INFO 24461246 
    : 0050 customer_id: 0 duplicate values
2026-09-17 11:53:51,371 INFO 24461246 
    : 0050 order_status: 99,433 duplicate values
2026-09-17 11:53:51,386 INFO 24461246 
    : 0050 order_purchase_timestamp: 566 duplicate values
2026-09-17 11:53:51,404 INFO 24461246 
    : 0050 order_approved_at: 8,707 duplicate values
2026-09-17 11:53:51,422 INFO 24461246 
    : 0050 order_delivered_carrier_date: 18,422 duplicate values
2026-09-17 11:53:51,440 INFO 24461246 
    : 0050 order_delivered_customer_date: 3,776 duplicate values
2026-09-17 11:53:51,448 INFO 24461246 
    : 0050 order_estimated_delivery_date: 98,982 duplicate values
2026-09-17 11:53:51,449 INFO 24461246 
    : 0019 
============================================================
2026-09-17 11:53:51,451 INFO 24461246 
    : 0020 FILE: olist_order_items_dataset.csv
2026-09-17 11:53:51,454 INFO 24461246 
    : 0021 ============================================================
2026-09-17 11:53:51,774 INFO 24461246 
    : 0027 Shape: (112650, 7)
2026-09-17 11:53:51,776 INFO 24461246 
    : 0028 
Columns:
2026-09-17 11:53:51,777 INFO 24461246 
    : 0029 ['order_id', 'order_item_id', 'product_id', 'seller_id', 'shipping_limit_date', 'price', 'freight_value']
2026-09-17 11:53:51,778 INFO 24461246 
    : 0031 
Data types:
2026-09-17 11:53:51,779 INFO 24461246 
    : 0032 order_id                   str
order_item_id            int64
product_id                 str
seller_id                  str
shipping_limit_date        str
price                  float64
freight_value          float64
dtype: object
2026-09-17 11:53:51,784 INFO 24461246 
    : 0034 
Missing values:
2026-09-17 11:53:51,789 INFO 24461246 
    : 0035 order_id               0
order_item_id          0
product_id             0
seller_id              0
shipping_limit_date    0
price                  0
freight_value          0
dtype: int64
2026-09-17 11:53:51,791 INFO 24461246 
    : 0037 
First 5 rows:
2026-09-17 11:53:51,793 INFO 24461246 
    : 0038                            order_id  order_item_id  \
0  00010242fe8c5a6d1ba2dd792cb16214              1   
1  00018f77f2f0320c557190d7a144bdd3              1   
2  000229ec398224ef6ca0657da4fc703e              1   
3  00024acbcdf0a6daa1e931b038114c75              1   
4  00042b26cf59d7ce69dfabb4e55b4fd9              1   

                         product_id                         seller_id  \
0  4244733e06e7ecb4970a6e2683c13e61  48436dade18ac8b2bce089ec2a041202   
1  e5f2d52b802189ee658865ca93d83a8f  dd7ddc04e1b6c2c614352b383efe2d36   
2  c777355d18b72b67abbeef9df44fd0fd  5b51032eddd242adc84c38acab88f23d   
3  7634da152a4610f1595efa32f14722fc  9d7a1d34a5052409006425275ba1c2b4   
4  ac6c3623068f30de03045865e4e10089  df560393f3a51e74553ab94004ba5c87   

   shipping_limit_date   price  freight_value  
0  2017-09-19 09:45:35   58.90          13.29  
1  2017-05-03 11:05:13  239.90          19.93  
2  2018-01-18 14:48:30  199.00          17.87  
3  2018-08-15 10:10:18   12.99          12.79  
4  2017-02-13 13:57:51  199.90          18.14  
2026-09-17 11:53:51,806 INFO 24461246 
    : 0040 
Numeric statistics:
2026-09-17 11:53:51,831 INFO 24461246 
    : 0041        order_item_id          price  freight_value
count  112650.000000  112650.000000  112650.000000
mean        1.197834     120.653739      19.990320
std         0.705124     183.633928      15.806405
min         1.000000       0.850000       0.000000
25%         1.000000      39.900000      13.080000
50%         1.000000      74.990000      16.260000
75%         1.000000     134.900000      21.150000
max        21.000000    6735.000000     409.680000
2026-09-17 11:53:51,900 INFO 24461246 
    : 0045 
--- Duplicates ---
2026-09-17 11:53:51,902 INFO 24461246 
    : 0046 Duplicate rows: 0
2026-09-17 11:53:51,923 INFO 24461246 
    : 0050 order_id: 13,984 duplicate values
2026-09-17 11:53:51,926 INFO 24461246 
    : 0050 order_item_id: 112,629 duplicate values
2026-09-17 11:53:51,940 INFO 24461246 
    : 0050 product_id: 79,699 duplicate values
2026-09-17 11:53:51,948 INFO 24461246 
    : 0050 seller_id: 109,555 duplicate values
2026-09-17 11:53:51,968 INFO 24461246 
    : 0050 shipping_limit_date: 19,332 duplicate values
2026-09-17 11:53:51,973 INFO 24461246 
    : 0050 price: 106,682 duplicate values
2026-09-17 11:53:51,978 INFO 24461246 
    : 0050 freight_value: 105,651 duplicate values
2026-09-17 11:53:51,979 INFO 24461246 
    : 0019 
============================================================
2026-09-17 11:53:51,991 INFO 24461246 
    : 0020 FILE: olist_order_payments_dataset.csv
2026-09-17 11:53:51,996 INFO 24461246 
    : 0021 ============================================================
2026-09-17 11:53:52,175 INFO 24461246 
    : 0027 Shape: (103886, 5)
2026-09-17 11:53:52,177 INFO 24461246 
    : 0028 
Columns:
2026-09-17 11:53:52,178 INFO 24461246 
    : 0029 ['order_id', 'payment_sequential', 'payment_type', 'payment_installments', 'payment_value']
2026-09-17 11:53:52,179 INFO 24461246 
    : 0031 
Data types:
2026-09-17 11:53:52,180 INFO 24461246 
    : 0032 order_id                    str
payment_sequential        int64
payment_type                str
payment_installments      int64
payment_value           float64
dtype: object
2026-09-17 11:53:52,185 INFO 24461246 
    : 0034 
Missing values:
2026-09-17 11:53:52,189 INFO 24461246 
    : 0035 order_id                0
payment_sequential      0
payment_type            0
payment_installments    0
payment_value           0
dtype: int64
2026-09-17 11:53:52,192 INFO 24461246 
    : 0037 
First 5 rows:
2026-09-17 11:53:52,195 INFO 24461246 
    : 0038                            order_id  payment_sequential payment_type  \
0  b81ef226f3fe1789b1e8b2acac839d17                   1  credit_card   
1  a9810da82917af2d9aefd1278f1dcfa0                   1  credit_card   
2  25e8ea4e93396b6fa0d3dd708e76c1bd                   1  credit_card   
3  ba78997921bbcdc1373bb41e913ab953                   1  credit_card   
4  42fdf880ba16b47b59251dd489d4441a                   1  credit_card   

   payment_installments  payment_value  
0                     8          99.33  
1                     1          24.39  
2                     1          65.71  
3                     8         107.78  
4                     2         128.45  
2026-09-17 11:53:52,205 INFO 24461246 
    : 0040 
Numeric statistics:
2026-09-17 11:53:52,226 INFO 24461246 
    : 0041        payment_sequential  payment_installments  payment_value
count       103886.000000         103886.000000  103886.000000
mean             1.092679              2.853349     154.100380
std              0.706584              2.687051     217.494064
min              1.000000              0.000000       0.000000
25%              1.000000              1.000000      56.790000
50%              1.000000              1.000000     100.000000
75%              1.000000              4.000000     171.837500
max             29.000000             24.000000   13664.080000
2026-09-17 11:53:52,270 INFO 24461246 
    : 0045 
--- Duplicates ---
2026-09-17 11:53:52,272 INFO 24461246 
    : 0046 Duplicate rows: 0
2026-09-17 11:53:52,290 INFO 24461246 
    : 0050 order_id: 4,446 duplicate values
2026-09-17 11:53:52,293 INFO 24461246 
    : 0050 payment_sequential: 103,857 duplicate values
2026-09-17 11:53:52,299 INFO 24461246 
    : 0050 payment_type: 103,881 duplicate values
2026-09-17 11:53:52,303 INFO 24461246 
    : 0050 payment_installments: 103,862 duplicate values
2026-09-17 11:53:52,311 INFO 24461246 
    : 0050 payment_value: 74,809 duplicate values
2026-09-17 11:53:52,312 INFO 24461246 
    : 0019 
============================================================
2026-09-17 11:53:52,313 INFO 24461246 
    : 0020 FILE: olist_order_reviews_dataset.csv
2026-09-17 11:53:52,315 INFO 24461246 
    : 0021 ============================================================
2026-09-17 11:53:52,772 INFO 24461246 
    : 0027 Shape: (99224, 7)
2026-09-17 11:53:52,774 INFO 24461246 
    : 0028 
Columns:
2026-09-17 11:53:52,775 INFO 24461246 
    : 0029 ['review_id', 'order_id', 'review_score', 'review_comment_title', 'review_comment_message', 'review_creation_date', 'review_answer_timestamp']
2026-09-17 11:53:52,776 INFO 24461246 
    : 0031 
Data types:
2026-09-17 11:53:52,778 INFO 24461246 
    : 0032 review_id                    str
order_id                     str
review_score               int64
review_comment_title         str
review_comment_message       str
review_creation_date         str
review_answer_timestamp      str
dtype: object
2026-09-17 11:53:52,781 INFO 24461246 
    : 0034 
Missing values:
2026-09-17 11:53:52,787 INFO 24461246 
    : 0035 review_id                      0
order_id                       0
review_score                   0
review_comment_title       87656
review_comment_message     58247
review_creation_date           0
review_answer_timestamp        0
dtype: int64
2026-09-17 11:53:52,789 INFO 24461246 
    : 0037 
First 5 rows:
2026-09-17 11:53:52,791 INFO 24461246 
    : 0038                           review_id                          order_id  \
0  7bc2406110b926393aa56f80a40eba40  73fc7af87114b39712e6da79b0a377eb   
1  80e641a11e56f04c1ad469d5645fdfde  a548910a1c6147796b98fdf73dbeba33   
2  228ce5500dc1d8e020d8d1322874b6f0  f9e4b658b201a9f2ecdecbb34bed034b   
3  e64fb393e7b32834bb789ff8bb30750e  658677c97b385a9be170737859d3511b   
4  f7c4243c7fe1938f181bec41a392bdeb  8e6bfb81e283fa7e4f11123a3fb894f1   

   review_score review_comment_title  \
0             4                  NaN   
1             5                  NaN   
2             5                  NaN   
3             5                  NaN   
4             5                  NaN   

                              review_comment_message review_creation_date  \
0                                                NaN  2018-01-18 00:00:00   
1                                                NaN  2018-03-10 00:00:00   
2                                                NaN  2018-02-17 00:00:00   
3              Recebi bem antes do prazo estipulado.  2017-04-21 00:00:00   
4  Parabéns lojas lannister adorei comprar pela I...  2018-03-01 00:00:00   

  review_answer_timestamp  
0     2018-01-18 21:46:59  
1     2018-03-11 03:05:13  
2     2018-02-18 14:36:24  
3     2017-04-21 22:02:06  
4     2018-03-02 10:26:53  
2026-09-17 11:53:52,806 INFO 24461246 
    : 0040 
Numeric statistics:
2026-09-17 11:53:52,811 INFO 24461246 
    : 0041        review_score
count  99224.000000
mean       4.086421
std        1.347579
min        1.000000
25%        4.000000
50%        5.000000
75%        5.000000
max        5.000000
2026-09-17 11:53:52,888 INFO 24461246 
    : 0045 
--- Duplicates ---
2026-09-17 11:53:52,889 INFO 24461246 
    : 0046 Duplicate rows: 0
2026-09-17 11:53:52,907 INFO 24461246 
    : 0050 review_id: 814 duplicate values
2026-09-17 11:53:52,933 INFO 24461246 
    : 0050 order_id: 551 duplicate values
2026-09-17 11:53:52,936 INFO 24461246 
    : 0050 review_score: 99,219 duplicate values
2026-09-17 11:53:52,942 INFO 24461246 
    : 0050 review_comment_title: 94,696 duplicate values
2026-09-17 11:53:52,959 INFO 24461246 
    : 0050 review_comment_message: 63,064 duplicate values
2026-09-17 11:53:52,966 INFO 24461246 
    : 0050 review_creation_date: 98,588 duplicate values
2026-09-17 11:53:52,979 INFO 24461246 
    : 0050 review_answer_timestamp: 976 duplicate values
2026-09-17 11:53:52,982 INFO 24461246 
    : 0019 
============================================================
2026-09-17 11:53:52,984 INFO 24461246 
    : 0020 FILE: olist_products_dataset.csv
2026-09-17 11:53:52,987 INFO 24461246 
    : 0021 ============================================================
2026-09-17 11:53:53,063 INFO 24461246 
    : 0027 Shape: (32951, 9)
2026-09-17 11:53:53,064 INFO 24461246 
    : 0028 
Columns:
2026-09-17 11:53:53,065 INFO 24461246 
    : 0029 ['product_id', 'product_category_name', 'product_name_lenght', 'product_description_lenght', 'product_photos_qty', 'product_weight_g', 'product_length_cm', 'product_height_cm', 'product_width_cm']
2026-09-17 11:53:53,068 INFO 24461246 
    : 0031 
Data types:
2026-09-17 11:53:53,071 INFO 24461246 
    : 0032 product_id                        str
product_category_name             str
product_name_lenght           float64
product_description_lenght    float64
product_photos_qty            float64
product_weight_g              float64
product_length_cm             float64
product_height_cm             float64
product_width_cm              float64
dtype: object
2026-09-17 11:53:53,075 INFO 24461246 
    : 0034 
Missing values:
2026-09-17 11:53:53,077 INFO 24461246 
    : 0035 product_id                      0
product_category_name         610
product_name_lenght           610
product_description_lenght    610
product_photos_qty            610
product_weight_g                2
product_length_cm               2
product_height_cm               2
product_width_cm                2
dtype: int64
2026-09-17 11:53:53,080 INFO 24461246 
    : 0037 
First 5 rows:
2026-09-17 11:53:53,084 INFO 24461246 
    : 0038                          product_id  product_category_name  \
0  1e9e8ef04dbcff4541ed26657ea517e5             perfumaria   
1  3aa071139cb16b67ca9e5dea641aaa2f                  artes   
2  96bd76ec8810374ed1b65e291975717f          esporte_lazer   
3  cef67bcfe19066a932b7673e239eb23d                  bebes   
4  9dc1a7de274444849c219cff195d0b71  utilidades_domesticas   

   product_name_lenght  product_description_lenght  product_photos_qty  \
0                 40.0                       287.0                 1.0   
1                 44.0                       276.0                 1.0   
2                 46.0                       250.0                 1.0   
3                 27.0                       261.0                 1.0   
4                 37.0                       402.0                 4.0   

   product_weight_g  product_length_cm  product_height_cm  product_width_cm  
0             225.0               16.0               10.0              14.0  
1            1000.0               30.0               18.0              20.0  
2             154.0               18.0                9.0              15.0  
3             371.0               26.0                4.0              26.0  
4             625.0               20.0               17.0              13.0  
2026-09-17 11:53:53,098 INFO 24461246 
    : 0040 
Numeric statistics:
2026-09-17 11:53:53,122 INFO 24461246 
    : 0041        product_name_lenght  product_description_lenght  product_photos_qty  \
count         32341.000000                32341.000000        32341.000000   
mean             48.476949                  771.495285            2.188986   
std              10.245741                  635.115225            1.736766   
min               5.000000                    4.000000            1.000000   
25%              42.000000                  339.000000            1.000000   
50%              51.000000                  595.000000            1.000000   
75%              57.000000                  972.000000            3.000000   
max              76.000000                 3992.000000           20.000000   

       product_weight_g  product_length_cm  product_height_cm  \
count      32949.000000       32949.000000       32949.000000   
mean        2276.472488          30.815078          16.937661   
std         4282.038731          16.914458          13.637554   
min            0.000000           7.000000           2.000000   
25%          300.000000          18.000000           8.000000   
50%          700.000000          25.000000          13.000000   
75%         1900.000000          38.000000          21.000000   
max        40425.000000         105.000000         105.000000   

       product_width_cm  
count      32949.000000  
mean          23.196728  
std           12.079047  
min            6.000000  
25%           15.000000  
50%           20.000000  
75%           30.000000  
max          118.000000  
2026-09-17 11:53:53,146 INFO 24461246 
    : 0045 
--- Duplicates ---
2026-09-17 11:53:53,147 INFO 24461246 
    : 0046 Duplicate rows: 0
2026-09-17 11:53:53,155 INFO 24461246 
    : 0050 product_id: 0 duplicate values
2026-09-17 11:53:53,160 INFO 24461246 
    : 0050 product_category_name: 32,877 duplicate values
2026-09-17 11:53:53,163 INFO 24461246 
    : 0050 product_name_lenght: 32,884 duplicate values
2026-09-17 11:53:53,165 INFO 24461246 
    : 0050 product_description_lenght: 29,990 duplicate values
2026-09-17 11:53:53,170 INFO 24461246 
    : 0050 product_photos_qty: 32,931 duplicate values
2026-09-17 11:53:53,173 INFO 24461246 
    : 0050 product_weight_g: 30,746 duplicate values
2026-09-17 11:53:53,174 INFO 24461246 
    : 0050 product_length_cm: 32,851 duplicate values
2026-09-17 11:53:53,177 INFO 24461246 
    : 0050 product_height_cm: 32,848 duplicate values
2026-09-17 11:53:53,179 INFO 24461246 
    : 0050 product_width_cm: 32,855 duplicate values
2026-09-17 11:53:53,180 INFO 24461246 
    : 0019 
============================================================
2026-09-17 11:53:53,181 INFO 24461246 
    : 0020 FILE: olist_sellers_dataset.csv
2026-09-17 11:53:53,182 INFO 24461246 
    : 0021 ============================================================
2026-09-17 11:53:53,209 INFO 24461246 
    : 0027 Shape: (3095, 4)
2026-09-17 11:53:53,211 INFO 24461246 
    : 0028 
Columns:
2026-09-17 11:53:53,212 INFO 24461246 
    : 0029 ['seller_id', 'seller_zip_code_prefix', 'seller_city', 'seller_state']
2026-09-17 11:53:53,213 INFO 24461246 
    : 0031 
Data types:
2026-09-17 11:53:53,214 INFO 24461246 
    : 0032 seller_id                   str
seller_zip_code_prefix    int64
seller_city                 str
seller_state                str
dtype: object
2026-09-17 11:53:53,217 INFO 24461246 
    : 0034 
Missing values:
2026-09-17 11:53:53,221 INFO 24461246 
    : 0035 seller_id                 0
seller_zip_code_prefix    0
seller_city               0
seller_state              0
dtype: int64
2026-09-17 11:53:53,224 INFO 24461246 
    : 0037 
First 5 rows:
2026-09-17 11:53:53,225 INFO 24461246 
    : 0038                           seller_id  seller_zip_code_prefix  \
0  3442f8959a84dea7ee197c632cb2df15                   13023   
1  d1b65fc7debc3361ea86b5f14c68d2e2                   13844   
2  ce3ad9de960102d0677a81f5d0bb7b2d                   20031   
3  c0f3eea2e14555b6faeea3dd58c1b1c3                    4195   
4  51a04a8a6bdcb23deccc82b0b80742cf                   12914   

         seller_city seller_state  
0           campinas           SP  
1         mogi guacu           SP  
2     rio de janeiro           RJ  
3          sao paulo           SP  
4  braganca paulista           SP  
2026-09-17 11:53:53,233 INFO 24461246 
    : 0040 
Numeric statistics:
2026-09-17 11:53:53,239 INFO 24461246 
    : 0041        seller_zip_code_prefix
count             3095.000000
mean             32291.059451
std              32713.453830
min               1001.000000
25%               7093.500000
50%              14940.000000
75%              64552.500000
max              99730.000000
2026-09-17 11:53:53,248 INFO 24461246 
    : 0045 
--- Duplicates ---
2026-09-17 11:53:53,249 INFO 24461246 
    : 0046 Duplicate rows: 0
2026-09-17 11:53:53,255 INFO 24461246 
    : 0050 seller_id: 0 duplicate values
2026-09-17 11:53:53,258 INFO 24461246 
    : 0050 seller_zip_code_prefix: 849 duplicate values
2026-09-17 11:53:53,262 INFO 24461246 
    : 0050 seller_city: 2,484 duplicate values
2026-09-17 11:53:53,265 INFO 24461246 
    : 0050 seller_state: 3,072 duplicate values
2026-09-17 11:53:53,267 INFO 24461246 
    : 0019 
============================================================
2026-09-17 11:53:53,271 INFO 24461246 
    : 0020 FILE: product_category_name_translation.csv
2026-09-17 11:53:53,272 INFO 24461246 
    : 0021 ============================================================
2026-09-17 11:53:53,279 INFO 24461246 
    : 0027 Shape: (71, 2)
2026-09-17 11:53:53,280 INFO 24461246 
    : 0028 
Columns:
2026-09-17 11:53:53,283 INFO 24461246 
    : 0029 ['product_category_name', 'product_category_name_english']
2026-09-17 11:53:53,286 INFO 24461246 
    : 0031 
Data types:
2026-09-17 11:53:53,288 INFO 24461246 
    : 0032 product_category_name            str
product_category_name_english    str
dtype: object
2026-09-17 11:53:53,293 INFO 24461246 
    : 0034 
Missing values:
2026-09-17 11:53:53,297 INFO 24461246 
    : 0035 product_category_name            0
product_category_name_english    0
dtype: int64
2026-09-17 11:53:53,305 INFO 24461246 
    : 0037 
First 5 rows:
2026-09-17 11:53:53,306 INFO 24461246 
    : 0038     product_category_name product_category_name_english
0            beleza_saude                 health_beauty
1  informatica_acessorios         computers_accessories
2              automotivo                          auto
3         cama_mesa_banho                bed_bath_table
4        moveis_decoracao               furniture_decor
2026-09-17 11:53:53,324 INFO 24461246 
    : 0040 
Numeric statistics:
2026-09-17 11:53:53,333 INFO 24461246 
    : 0041        product_category_name product_category_name_english
count                     71                            71
unique                    71                            71
top             beleza_saude                 health_beauty
freq                       1                             1
2026-09-17 11:53:53,347 INFO 24461246 
    : 0045 
--- Duplicates ---
2026-09-17 11:53:53,348 INFO 24461246 
    : 0046 Duplicate rows: 0
2026-09-17 11:53:53,351 INFO 24461246 
    : 0050 product_category_name: 0 duplicate values
2026-09-17 11:53:53,357 INFO 24461246 
    : 0050 product_category_name_english: 0 duplicate values
2026-09-17 11:54:13,349 INFO 34789759 
    : 0002 test
12:06:56 INFO 34789759 <module>: 0002 test
12:08:38 INFO 34789759 <module>: 0002 test
12:08:44 <module>: 0002 test
12:09:04 <module> 0002 : test
<module> 0002 : test
<module> 0014 : c:\Users\Utilisateur\Desktop\liste_depots\projet_groupe_mongodb\data
<module> 0019 : 
============================================================
<module> 0020 : FILE: olist_customers_dataset.csv
<module> 0021 : ============================================================
<module> 0027 : Shape: (99441, 5)
<module> 0028 : 
Columns:
<module> 0029 : ['customer_id', 'customer_unique_id', 'customer_zip_code_prefix', 'customer_city', 'customer_state']
<module> 0031 : 
Data types:
<module> 0032 : customer_id                   str
customer_unique_id            str
customer_zip_code_prefix    int64
customer_city                 str
customer_state                str
dtype: object
<module> 0034 : 
Missing values:
<module> 0035 : customer_id                 0
customer_unique_id          0
customer_zip_code_prefix    0
customer_city               0
customer_state              0
dtype: int64
<module> 0037 : 
First 5 rows:
<module> 0038 :                         customer_id                customer_unique_id  \
0  06b8999e2fba1a1fbc88172c00ba8bc7  861eff4711a542e4b93843c6dd7febb0   
1  18955e83d337fd6b2def6b18a428ac77  290c77bc529b7ac935b93aa66c333dc3   
2  4e7b3e00288586ebd08712fdd0374a03  060e732b5b29e8181a18229c7b0b2b5e   
3  b2b6027bc5c5109e529d4dc6358b12c3  259dac757896d24d7702b9acbbff3f3c   
4  4f2d8ab171c80ec8364f7c12e35b23ad  345ecd01c38d18a9036ed96c73b8d066   

   customer_zip_code_prefix          customer_city customer_state  
0                     14409                 franca             SP  
1                      9790  sao bernardo do campo             SP  
2                      1151              sao paulo             SP  
3                      8775        mogi das cruzes             SP  
4                     13056               campinas             SP  
<module> 0040 : 
Numeric statistics:
<module> 0041 :        customer_zip_code_prefix
count              99441.000000
mean               35137.474583
std                29797.938996
min                 1003.000000
25%                11347.000000
50%                24416.000000
75%                58900.000000
max                99990.000000
<module> 0045 : 
--- Duplicates ---
<module> 0046 : Duplicate rows: 0
<module> 0050 : customer_id: 0 duplicate values
<module> 0050 : customer_unique_id: 3,345 duplicate values
<module> 0050 : customer_zip_code_prefix: 84,447 duplicate values
<module> 0050 : customer_city: 95,322 duplicate values
<module> 0050 : customer_state: 99,414 duplicate values
<module> 0019 : 
============================================================
<module> 0020 : FILE: olist_geolocation_dataset.csv
<module> 0021 : ============================================================
<module> 0027 : Shape: (1000163, 5)
<module> 0028 : 
Columns:
<module> 0029 : ['geolocation_zip_code_prefix', 'geolocation_lat', 'geolocation_lng', 'geolocation_city', 'geolocation_state']
<module> 0031 : 
Data types:
<module> 0032 : geolocation_zip_code_prefix      int64
geolocation_lat                float64
geolocation_lng                float64
geolocation_city                   str
geolocation_state                  str
dtype: object
<module> 0034 : 
Missing values:
<module> 0035 : geolocation_zip_code_prefix    0
geolocation_lat                0
geolocation_lng                0
geolocation_city               0
geolocation_state              0
dtype: int64
<module> 0037 : 
First 5 rows:
<module> 0038 :    geolocation_zip_code_prefix  geolocation_lat  geolocation_lng  \
0                         1037       -23.545621       -46.639292   
1                         1046       -23.546081       -46.644820   
2                         1046       -23.546129       -46.642951   
3                         1041       -23.544392       -46.639499   
4                         1035       -23.541578       -46.641607   

  geolocation_city geolocation_state  
0        sao paulo                SP  
1        sao paulo                SP  
2        sao paulo                SP  
3        sao paulo                SP  
4        sao paulo                SP  
<module> 0040 : 
Numeric statistics:
<module> 0041 :        geolocation_zip_code_prefix  geolocation_lat  geolocation_lng
count                 1.000163e+06     1.000163e+06     1.000163e+06
mean                  3.657417e+04    -2.117615e+01    -4.639054e+01
std                   3.054934e+04     5.715866e+00     4.269748e+00
min                   1.001000e+03    -3.660537e+01    -1.014668e+02
25%                   1.107500e+04    -2.360355e+01    -4.857317e+01
50%                   2.653000e+04    -2.291938e+01    -4.663788e+01
75%                   6.350400e+04    -1.997962e+01    -4.376771e+01
max                   9.999000e+04     4.506593e+01     1.211054e+02
<module> 0045 : 
--- Duplicates ---
<module> 0046 : Duplicate rows: 261,831
<module> 0050 : geolocation_zip_code_prefix: 981,148 duplicate values
<module> 0050 : geolocation_lat: 282,803 duplicate values
<module> 0050 : geolocation_lng: 282,550 duplicate values
<module> 0050 : geolocation_city: 992,152 duplicate values
<module> 0050 : geolocation_state: 1,000,136 duplicate values
<module> 0019 : 
============================================================
<module> 0020 : FILE: olist_orders_dataset.csv
<module> 0021 : ============================================================
<module> 0027 : Shape: (99441, 8)
<module> 0028 : 
Columns:
<module> 0029 : ['order_id', 'customer_id', 'order_status', 'order_purchase_timestamp', 'order_approved_at', 'order_delivered_carrier_date', 'order_delivered_customer_date', 'order_estimated_delivery_date']
<module> 0031 : 
Data types:
<module> 0032 : order_id                         str
customer_id                      str
order_status                     str
order_purchase_timestamp         str
order_approved_at                str
order_delivered_carrier_date     str
order_delivered_customer_date    str
order_estimated_delivery_date    str
dtype: object
<module> 0034 : 
Missing values:
<module> 0035 : order_id                            0
customer_id                         0
order_status                        0
order_purchase_timestamp            0
order_approved_at                 160
order_delivered_carrier_date     1783
order_delivered_customer_date    2965
order_estimated_delivery_date       0
dtype: int64
<module> 0037 : 
First 5 rows:
<module> 0038 :                            order_id                       customer_id  \
0  e481f51cbdc54678b7cc49136f2d6af7  9ef432eb6251297304e76186b10a928d   
1  53cdb2fc8bc7dce0b6741e2150273451  b0830fb4747a6c6d20dea0b8c802d7ef   
2  47770eb9100c2d0c44946d9cf07ec65d  41ce2a54c0b03bf3443c3d931a367089   
3  949d5b44dbf5de918fe9c16f97b45f8a  f88197465ea7920adcdbec7375364d82   
4  ad21c59c0840e6cb83a9ceb5573f8159  8ab97904e6daea8866dbdbc4fb7aad2c   

  order_status order_purchase_timestamp    order_approved_at  \
0    delivered      2017-10-02 10:56:33  2017-10-02 11:07:15   
1    delivered      2018-07-24 20:41:37  2018-07-26 03:24:27   
2    delivered      2018-08-08 08:38:49  2018-08-08 08:55:23   
3    delivered      2017-11-18 19:28:06  2017-11-18 19:45:59   
4    delivered      2018-02-13 21:18:39  2018-02-13 22:20:29   

  order_delivered_carrier_date order_delivered_customer_date  \
0          2017-10-04 19:55:00           2017-10-10 21:25:13   
1          2018-07-26 14:31:00           2018-08-07 15:27:45   
2          2018-08-08 13:50:00           2018-08-17 18:06:29   
3          2017-11-22 13:39:59           2017-12-02 00:28:42   
4          2018-02-14 19:46:34           2018-02-16 18:17:02   

  order_estimated_delivery_date  
0           2017-10-18 00:00:00  
1           2018-08-13 00:00:00  
2           2018-09-04 00:00:00  
3           2017-12-15 00:00:00  
4           2018-02-26 00:00:00  
<module> 0040 : 
Numeric statistics:
<module> 0041 :                                 order_id                       customer_id  \
count                              99441                             99441   
unique                             99441                             99441   
top     e481f51cbdc54678b7cc49136f2d6af7  9ef432eb6251297304e76186b10a928d   
freq                                   1                                 1   

       order_status order_purchase_timestamp    order_approved_at  \
count         99441                    99441                99281   
unique            8                    98875                90733   
top       delivered      2018-03-31 15:08:21  2018-02-27 04:31:10   
freq          96478                        3                    9   

       order_delivered_carrier_date order_delivered_customer_date  \
count                         97658                         96476   
unique                        81018                         95664   
top             2018-05-09 15:48:00           2018-05-14 20:02:44   
freq                             47                             3   

       order_estimated_delivery_date  
count                          99441  
unique                           459  
top              2017-12-20 00:00:00  
freq                             522  
<module> 0045 : 
--- Duplicates ---
<module> 0046 : Duplicate rows: 0
<module> 0050 : order_id: 0 duplicate values
<module> 0050 : customer_id: 0 duplicate values
<module> 0050 : order_status: 99,433 duplicate values
<module> 0050 : order_purchase_timestamp: 566 duplicate values
<module> 0050 : order_approved_at: 8,707 duplicate values
<module> 0050 : order_delivered_carrier_date: 18,422 duplicate values
<module> 0050 : order_delivered_customer_date: 3,776 duplicate values
<module> 0050 : order_estimated_delivery_date: 98,982 duplicate values
<module> 0019 : 
============================================================
<module> 0020 : FILE: olist_order_items_dataset.csv
<module> 0021 : ============================================================
<module> 0027 : Shape: (112650, 7)
<module> 0028 : 
Columns:
<module> 0029 : ['order_id', 'order_item_id', 'product_id', 'seller_id', 'shipping_limit_date', 'price', 'freight_value']
<module> 0031 : 
Data types:
<module> 0032 : order_id                   str
order_item_id            int64
product_id                 str
seller_id                  str
shipping_limit_date        str
price                  float64
freight_value          float64
dtype: object
<module> 0034 : 
Missing values:
<module> 0035 : order_id               0
order_item_id          0
product_id             0
seller_id              0
shipping_limit_date    0
price                  0
freight_value          0
dtype: int64
<module> 0037 : 
First 5 rows:
<module> 0038 :                            order_id  order_item_id  \
0  00010242fe8c5a6d1ba2dd792cb16214              1   
1  00018f77f2f0320c557190d7a144bdd3              1   
2  000229ec398224ef6ca0657da4fc703e              1   
3  00024acbcdf0a6daa1e931b038114c75              1   
4  00042b26cf59d7ce69dfabb4e55b4fd9              1   

                         product_id                         seller_id  \
0  4244733e06e7ecb4970a6e2683c13e61  48436dade18ac8b2bce089ec2a041202   
1  e5f2d52b802189ee658865ca93d83a8f  dd7ddc04e1b6c2c614352b383efe2d36   
2  c777355d18b72b67abbeef9df44fd0fd  5b51032eddd242adc84c38acab88f23d   
3  7634da152a4610f1595efa32f14722fc  9d7a1d34a5052409006425275ba1c2b4   
4  ac6c3623068f30de03045865e4e10089  df560393f3a51e74553ab94004ba5c87   

   shipping_limit_date   price  freight_value  
0  2017-09-19 09:45:35   58.90          13.29  
1  2017-05-03 11:05:13  239.90          19.93  
2  2018-01-18 14:48:30  199.00          17.87  
3  2018-08-15 10:10:18   12.99          12.79  
4  2017-02-13 13:57:51  199.90          18.14  
<module> 0040 : 
Numeric statistics:
<module> 0041 :        order_item_id          price  freight_value
count  112650.000000  112650.000000  112650.000000
mean        1.197834     120.653739      19.990320
std         0.705124     183.633928      15.806405
min         1.000000       0.850000       0.000000
25%         1.000000      39.900000      13.080000
50%         1.000000      74.990000      16.260000
75%         1.000000     134.900000      21.150000
max        21.000000    6735.000000     409.680000
<module> 0045 : 
--- Duplicates ---
<module> 0046 : Duplicate rows: 0
<module> 0050 : order_id: 13,984 duplicate values
<module> 0050 : order_item_id: 112,629 duplicate values
<module> 0050 : product_id: 79,699 duplicate values
<module> 0050 : seller_id: 109,555 duplicate values
<module> 0050 : shipping_limit_date: 19,332 duplicate values
<module> 0050 : price: 106,682 duplicate values
<module> 0050 : freight_value: 105,651 duplicate values
<module> 0019 : 
============================================================
<module> 0020 : FILE: olist_order_payments_dataset.csv
<module> 0021 : ============================================================
<module> 0027 : Shape: (103886, 5)
<module> 0028 : 
Columns:
<module> 0029 : ['order_id', 'payment_sequential', 'payment_type', 'payment_installments', 'payment_value']
<module> 0031 : 
Data types:
<module> 0032 : order_id                    str
payment_sequential        int64
payment_type                str
payment_installments      int64
payment_value           float64
dtype: object
<module> 0034 : 
Missing values:
<module> 0035 : order_id                0
payment_sequential      0
payment_type            0
payment_installments    0
payment_value           0
dtype: int64
<module> 0037 : 
First 5 rows:
<module> 0038 :                            order_id  payment_sequential payment_type  \
0  b81ef226f3fe1789b1e8b2acac839d17                   1  credit_card   
1  a9810da82917af2d9aefd1278f1dcfa0                   1  credit_card   
2  25e8ea4e93396b6fa0d3dd708e76c1bd                   1  credit_card   
3  ba78997921bbcdc1373bb41e913ab953                   1  credit_card   
4  42fdf880ba16b47b59251dd489d4441a                   1  credit_card   

   payment_installments  payment_value  
0                     8          99.33  
1                     1          24.39  
2                     1          65.71  
3                     8         107.78  
4                     2         128.45  
<module> 0040 : 
Numeric statistics:
<module> 0041 :        payment_sequential  payment_installments  payment_value
count       103886.000000         103886.000000  103886.000000
mean             1.092679              2.853349     154.100380
std              0.706584              2.687051     217.494064
min              1.000000              0.000000       0.000000
25%              1.000000              1.000000      56.790000
50%              1.000000              1.000000     100.000000
75%              1.000000              4.000000     171.837500
max             29.000000             24.000000   13664.080000
<module> 0045 : 
--- Duplicates ---
<module> 0046 : Duplicate rows: 0
<module> 0050 : order_id: 4,446 duplicate values
<module> 0050 : payment_sequential: 103,857 duplicate values
<module> 0050 : payment_type: 103,881 duplicate values
<module> 0050 : payment_installments: 103,862 duplicate values
<module> 0050 : payment_value: 74,809 duplicate values
<module> 0019 : 
============================================================
<module> 0020 : FILE: olist_order_reviews_dataset.csv
<module> 0021 : ============================================================
<module> 0027 : Shape: (99224, 7)
<module> 0028 : 
Columns:
<module> 0029 : ['review_id', 'order_id', 'review_score', 'review_comment_title', 'review_comment_message', 'review_creation_date', 'review_answer_timestamp']
<module> 0031 : 
Data types:
<module> 0032 : review_id                    str
order_id                     str
review_score               int64
review_comment_title         str
review_comment_message       str
review_creation_date         str
review_answer_timestamp      str
dtype: object
<module> 0034 : 
Missing values:
<module> 0035 : review_id                      0
order_id                       0
review_score                   0
review_comment_title       87656
review_comment_message     58247
review_creation_date           0
review_answer_timestamp        0
dtype: int64
<module> 0037 : 
First 5 rows:
<module> 0038 :                           review_id                          order_id  \
0  7bc2406110b926393aa56f80a40eba40  73fc7af87114b39712e6da79b0a377eb   
1  80e641a11e56f04c1ad469d5645fdfde  a548910a1c6147796b98fdf73dbeba33   
2  228ce5500dc1d8e020d8d1322874b6f0  f9e4b658b201a9f2ecdecbb34bed034b   
3  e64fb393e7b32834bb789ff8bb30750e  658677c97b385a9be170737859d3511b   
4  f7c4243c7fe1938f181bec41a392bdeb  8e6bfb81e283fa7e4f11123a3fb894f1   

   review_score review_comment_title  \
0             4                  NaN   
1             5                  NaN   
2             5                  NaN   
3             5                  NaN   
4             5                  NaN   

                              review_comment_message review_creation_date  \
0                                                NaN  2018-01-18 00:00:00   
1                                                NaN  2018-03-10 00:00:00   
2                                                NaN  2018-02-17 00:00:00   
3              Recebi bem antes do prazo estipulado.  2017-04-21 00:00:00   
4  Parabéns lojas lannister adorei comprar pela I...  2018-03-01 00:00:00   

  review_answer_timestamp  
0     2018-01-18 21:46:59  
1     2018-03-11 03:05:13  
2     2018-02-18 14:36:24  
3     2017-04-21 22:02:06  
4     2018-03-02 10:26:53  
<module> 0040 : 
Numeric statistics:
<module> 0041 :        review_score
count  99224.000000
mean       4.086421
std        1.347579
min        1.000000
25%        4.000000
50%        5.000000
75%        5.000000
max        5.000000
<module> 0045 : 
--- Duplicates ---
<module> 0046 : Duplicate rows: 0
<module> 0050 : review_id: 814 duplicate values
<module> 0050 : order_id: 551 duplicate values
<module> 0050 : review_score: 99,219 duplicate values
<module> 0050 : review_comment_title: 94,696 duplicate values
<module> 0050 : review_comment_message: 63,064 duplicate values
<module> 0050 : review_creation_date: 98,588 duplicate values
<module> 0050 : review_answer_timestamp: 976 duplicate values
<module> 0019 : 
============================================================
<module> 0020 : FILE: olist_products_dataset.csv
<module> 0021 : ============================================================
<module> 0027 : Shape: (32951, 9)
<module> 0028 : 
Columns:
<module> 0029 : ['product_id', 'product_category_name', 'product_name_lenght', 'product_description_lenght', 'product_photos_qty', 'product_weight_g', 'product_length_cm', 'product_height_cm', 'product_width_cm']
<module> 0031 : 
Data types:
<module> 0032 : product_id                        str
product_category_name             str
product_name_lenght           float64
product_description_lenght    float64
product_photos_qty            float64
product_weight_g              float64
product_length_cm             float64
product_height_cm             float64
product_width_cm              float64
dtype: object
<module> 0034 : 
Missing values:
<module> 0035 : product_id                      0
product_category_name         610
product_name_lenght           610
product_description_lenght    610
product_photos_qty            610
product_weight_g                2
product_length_cm               2
product_height_cm               2
product_width_cm                2
dtype: int64
<module> 0037 : 
First 5 rows:
<module> 0038 :                          product_id  product_category_name  \
0  1e9e8ef04dbcff4541ed26657ea517e5             perfumaria   
1  3aa071139cb16b67ca9e5dea641aaa2f                  artes   
2  96bd76ec8810374ed1b65e291975717f          esporte_lazer   
3  cef67bcfe19066a932b7673e239eb23d                  bebes   
4  9dc1a7de274444849c219cff195d0b71  utilidades_domesticas   

   product_name_lenght  product_description_lenght  product_photos_qty  \
0                 40.0                       287.0                 1.0   
1                 44.0                       276.0                 1.0   
2                 46.0                       250.0                 1.0   
3                 27.0                       261.0                 1.0   
4                 37.0                       402.0                 4.0   

   product_weight_g  product_length_cm  product_height_cm  product_width_cm  
0             225.0               16.0               10.0              14.0  
1            1000.0               30.0               18.0              20.0  
2             154.0               18.0                9.0              15.0  
3             371.0               26.0                4.0              26.0  
4             625.0               20.0               17.0              13.0  
<module> 0040 : 
Numeric statistics:
<module> 0041 :        product_name_lenght  product_description_lenght  product_photos_qty  \
count         32341.000000                32341.000000        32341.000000   
mean             48.476949                  771.495285            2.188986   
std              10.245741                  635.115225            1.736766   
min               5.000000                    4.000000            1.000000   
25%              42.000000                  339.000000            1.000000   
50%              51.000000                  595.000000            1.000000   
75%              57.000000                  972.000000            3.000000   
max              76.000000                 3992.000000           20.000000   

       product_weight_g  product_length_cm  product_height_cm  \
count      32949.000000       32949.000000       32949.000000   
mean        2276.472488          30.815078          16.937661   
std         4282.038731          16.914458          13.637554   
min            0.000000           7.000000           2.000000   
25%          300.000000          18.000000           8.000000   
50%          700.000000          25.000000          13.000000   
75%         1900.000000          38.000000          21.000000   
max        40425.000000         105.000000         105.000000   

       product_width_cm  
count      32949.000000  
mean          23.196728  
std           12.079047  
min            6.000000  
25%           15.000000  
50%           20.000000  
75%           30.000000  
max          118.000000  
<module> 0045 : 
--- Duplicates ---
<module> 0046 : Duplicate rows: 0
<module> 0050 : product_id: 0 duplicate values
<module> 0050 : product_category_name: 32,877 duplicate values
<module> 0050 : product_name_lenght: 32,884 duplicate values
<module> 0050 : product_description_lenght: 29,990 duplicate values
<module> 0050 : product_photos_qty: 32,931 duplicate values
<module> 0050 : product_weight_g: 30,746 duplicate values
<module> 0050 : product_length_cm: 32,851 duplicate values
<module> 0050 : product_height_cm: 32,848 duplicate values
<module> 0050 : product_width_cm: 32,855 duplicate values
<module> 0019 : 
============================================================
<module> 0020 : FILE: olist_sellers_dataset.csv
<module> 0021 : ============================================================
<module> 0027 : Shape: (3095, 4)
<module> 0028 : 
Columns:
<module> 0029 : ['seller_id', 'seller_zip_code_prefix', 'seller_city', 'seller_state']
<module> 0031 : 
Data types:
<module> 0032 : seller_id                   str
seller_zip_code_prefix    int64
seller_city                 str
seller_state                str
dtype: object
<module> 0034 : 
Missing values:
<module> 0035 : seller_id                 0
seller_zip_code_prefix    0
seller_city               0
seller_state              0
dtype: int64
<module> 0037 : 
First 5 rows:
<module> 0038 :                           seller_id  seller_zip_code_prefix  \
0  3442f8959a84dea7ee197c632cb2df15                   13023   
1  d1b65fc7debc3361ea86b5f14c68d2e2                   13844   
2  ce3ad9de960102d0677a81f5d0bb7b2d                   20031   
3  c0f3eea2e14555b6faeea3dd58c1b1c3                    4195   
4  51a04a8a6bdcb23deccc82b0b80742cf                   12914   

         seller_city seller_state  
0           campinas           SP  
1         mogi guacu           SP  
2     rio de janeiro           RJ  
3          sao paulo           SP  
4  braganca paulista           SP  
<module> 0040 : 
Numeric statistics:
<module> 0041 :        seller_zip_code_prefix
count             3095.000000
mean             32291.059451
std              32713.453830
min               1001.000000
25%               7093.500000
50%              14940.000000
75%              64552.500000
max              99730.000000
<module> 0045 : 
--- Duplicates ---
<module> 0046 : Duplicate rows: 0
<module> 0050 : seller_id: 0 duplicate values
<module> 0050 : seller_zip_code_prefix: 849 duplicate values
<module> 0050 : seller_city: 2,484 duplicate values
<module> 0050 : seller_state: 3,072 duplicate values
<module> 0019 : 
============================================================
<module> 0020 : FILE: product_category_name_translation.csv
<module> 0021 : ============================================================
<module> 0027 : Shape: (71, 2)
<module> 0028 : 
Columns:
<module> 0029 : ['product_category_name', 'product_category_name_english']
<module> 0031 : 
Data types:
<module> 0032 : product_category_name            str
product_category_name_english    str
dtype: object
<module> 0034 : 
Missing values:
<module> 0035 : product_category_name            0
product_category_name_english    0
dtype: int64
<module> 0037 : 
First 5 rows:
<module> 0038 :     product_category_name product_category_name_english
0            beleza_saude                 health_beauty
1  informatica_acessorios         computers_accessories
2              automotivo                          auto
3         cama_mesa_banho                bed_bath_table
4        moveis_decoracao               furniture_decor
<module> 0040 : 
Numeric statistics:
<module> 0041 :        product_category_name product_category_name_english
count                     71                            71
unique                    71                            71
top             beleza_saude                 health_beauty
freq                       1                             1
<module> 0045 : 
--- Duplicates ---
<module> 0046 : Duplicate rows: 0
<module> 0050 : product_category_name: 0 duplicate values
<module> 0050 : product_category_name_english: 0 duplicate values
test
c:\Users\Utilisateur\Desktop\liste_depots\projet_groupe_mongodb\data

============================================================
FILE: olist_customers_dataset.csv
============================================================
Shape: (99441, 5)

Columns:
['customer_id', 'customer_unique_id', 'customer_zip_code_prefix', 'customer_city', 'customer_state']

Data types:
customer_id                   str
customer_unique_id            str
customer_zip_code_prefix    int64
customer_city                 str
customer_state                str
dtype: object

Missing values:
customer_id                 0
customer_unique_id          0
customer_zip_code_prefix    0
customer_city               0
customer_state              0
dtype: int64

First 5 rows:
                        customer_id                customer_unique_id  \
0  06b8999e2fba1a1fbc88172c00ba8bc7  861eff4711a542e4b93843c6dd7febb0   
1  18955e83d337fd6b2def6b18a428ac77  290c77bc529b7ac935b93aa66c333dc3   
2  4e7b3e00288586ebd08712fdd0374a03  060e732b5b29e8181a18229c7b0b2b5e   
3  b2b6027bc5c5109e529d4dc6358b12c3  259dac757896d24d7702b9acbbff3f3c   
4  4f2d8ab171c80ec8364f7c12e35b23ad  345ecd01c38d18a9036ed96c73b8d066   

   customer_zip_code_prefix          customer_city customer_state  
0                     14409                 franca             SP  
1                      9790  sao bernardo do campo             SP  
2                      1151              sao paulo             SP  
3                      8775        mogi das cruzes             SP  
4                     13056               campinas             SP  

Numeric statistics:
       customer_zip_code_prefix
count              99441.000000
mean               35137.474583
std                29797.938996
min                 1003.000000
25%                11347.000000
50%                24416.000000
75%                58900.000000
max                99990.000000

--- Duplicates ---
Duplicate rows: 0
customer_id: 0 duplicate values
customer_unique_id: 3,345 duplicate values
customer_zip_code_prefix: 84,447 duplicate values
customer_city: 95,322 duplicate values
customer_state: 99,414 duplicate values

============================================================
FILE: olist_geolocation_dataset.csv
============================================================
Shape: (1000163, 5)

Columns:
['geolocation_zip_code_prefix', 'geolocation_lat', 'geolocation_lng', 'geolocation_city', 'geolocation_state']

Data types:
geolocation_zip_code_prefix      int64
geolocation_lat                float64
geolocation_lng                float64
geolocation_city                   str
geolocation_state                  str
dtype: object

Missing values:
geolocation_zip_code_prefix    0
geolocation_lat                0
geolocation_lng                0
geolocation_city               0
geolocation_state              0
dtype: int64

First 5 rows:
   geolocation_zip_code_prefix  geolocation_lat  geolocation_lng  \
0                         1037       -23.545621       -46.639292   
1                         1046       -23.546081       -46.644820   
2                         1046       -23.546129       -46.642951   
3                         1041       -23.544392       -46.639499   
4                         1035       -23.541578       -46.641607   

  geolocation_city geolocation_state  
0        sao paulo                SP  
1        sao paulo                SP  
2        sao paulo                SP  
3        sao paulo                SP  
4        sao paulo                SP  

Numeric statistics:
       geolocation_zip_code_prefix  geolocation_lat  geolocation_lng
count                 1.000163e+06     1.000163e+06     1.000163e+06
mean                  3.657417e+04    -2.117615e+01    -4.639054e+01
std                   3.054934e+04     5.715866e+00     4.269748e+00
min                   1.001000e+03    -3.660537e+01    -1.014668e+02
25%                   1.107500e+04    -2.360355e+01    -4.857317e+01
50%                   2.653000e+04    -2.291938e+01    -4.663788e+01
75%                   6.350400e+04    -1.997962e+01    -4.376771e+01
max                   9.999000e+04     4.506593e+01     1.211054e+02

--- Duplicates ---
Duplicate rows: 261,831
geolocation_zip_code_prefix: 981,148 duplicate values
geolocation_lat: 282,803 duplicate values
geolocation_lng: 282,550 duplicate values
geolocation_city: 992,152 duplicate values
geolocation_state: 1,000,136 duplicate values

============================================================
FILE: olist_orders_dataset.csv
============================================================
Shape: (99441, 8)

Columns:
['order_id', 'customer_id', 'order_status', 'order_purchase_timestamp', 'order_approved_at', 'order_delivered_carrier_date', 'order_delivered_customer_date', 'order_estimated_delivery_date']

Data types:
order_id                         str
customer_id                      str
order_status                     str
order_purchase_timestamp         str
order_approved_at                str
order_delivered_carrier_date     str
order_delivered_customer_date    str
order_estimated_delivery_date    str
dtype: object

Missing values:
order_id                            0
customer_id                         0
order_status                        0
order_purchase_timestamp            0
order_approved_at                 160
order_delivered_carrier_date     1783
order_delivered_customer_date    2965
order_estimated_delivery_date       0
dtype: int64

First 5 rows:
                           order_id                       customer_id  \
0  e481f51cbdc54678b7cc49136f2d6af7  9ef432eb6251297304e76186b10a928d   
1  53cdb2fc8bc7dce0b6741e2150273451  b0830fb4747a6c6d20dea0b8c802d7ef   
2  47770eb9100c2d0c44946d9cf07ec65d  41ce2a54c0b03bf3443c3d931a367089   
3  949d5b44dbf5de918fe9c16f97b45f8a  f88197465ea7920adcdbec7375364d82   
4  ad21c59c0840e6cb83a9ceb5573f8159  8ab97904e6daea8866dbdbc4fb7aad2c   

  order_status order_purchase_timestamp    order_approved_at  \
0    delivered      2017-10-02 10:56:33  2017-10-02 11:07:15   
1    delivered      2018-07-24 20:41:37  2018-07-26 03:24:27   
2    delivered      2018-08-08 08:38:49  2018-08-08 08:55:23   
3    delivered      2017-11-18 19:28:06  2017-11-18 19:45:59   
4    delivered      2018-02-13 21:18:39  2018-02-13 22:20:29   

  order_delivered_carrier_date order_delivered_customer_date  \
0          2017-10-04 19:55:00           2017-10-10 21:25:13   
1          2018-07-26 14:31:00           2018-08-07 15:27:45   
2          2018-08-08 13:50:00           2018-08-17 18:06:29   
3          2017-11-22 13:39:59           2017-12-02 00:28:42   
4          2018-02-14 19:46:34           2018-02-16 18:17:02   

  order_estimated_delivery_date  
0           2017-10-18 00:00:00  
1           2018-08-13 00:00:00  
2           2018-09-04 00:00:00  
3           2017-12-15 00:00:00  
4           2018-02-26 00:00:00  

Numeric statistics:
                                order_id                       customer_id  \
count                              99441                             99441   
unique                             99441                             99441   
top     e481f51cbdc54678b7cc49136f2d6af7  9ef432eb6251297304e76186b10a928d   
freq                                   1                                 1   

       order_status order_purchase_timestamp    order_approved_at  \
count         99441                    99441                99281   
unique            8                    98875                90733   
top       delivered      2018-03-31 15:08:21  2018-02-27 04:31:10   
freq          96478                        3                    9   

       order_delivered_carrier_date order_delivered_customer_date  \
count                         97658                         96476   
unique                        81018                         95664   
top             2018-05-09 15:48:00           2018-05-14 20:02:44   
freq                             47                             3   

       order_estimated_delivery_date  
count                          99441  
unique                           459  
top              2017-12-20 00:00:00  
freq                             522  

--- Duplicates ---
Duplicate rows: 0
order_id: 0 duplicate values
customer_id: 0 duplicate values
order_status: 99,433 duplicate values
order_purchase_timestamp: 566 duplicate values
order_approved_at: 8,707 duplicate values
order_delivered_carrier_date: 18,422 duplicate values
order_delivered_customer_date: 3,776 duplicate values
order_estimated_delivery_date: 98,982 duplicate values

============================================================
FILE: olist_order_items_dataset.csv
============================================================
Shape: (112650, 7)

Columns:
['order_id', 'order_item_id', 'product_id', 'seller_id', 'shipping_limit_date', 'price', 'freight_value']

Data types:
order_id                   str
order_item_id            int64
product_id                 str
seller_id                  str
shipping_limit_date        str
price                  float64
freight_value          float64
dtype: object

Missing values:
order_id               0
order_item_id          0
product_id             0
seller_id              0
shipping_limit_date    0
price                  0
freight_value          0
dtype: int64

First 5 rows:
                           order_id  order_item_id  \
0  00010242fe8c5a6d1ba2dd792cb16214              1   
1  00018f77f2f0320c557190d7a144bdd3              1   
2  000229ec398224ef6ca0657da4fc703e              1   
3  00024acbcdf0a6daa1e931b038114c75              1   
4  00042b26cf59d7ce69dfabb4e55b4fd9              1   

                         product_id                         seller_id  \
0  4244733e06e7ecb4970a6e2683c13e61  48436dade18ac8b2bce089ec2a041202   
1  e5f2d52b802189ee658865ca93d83a8f  dd7ddc04e1b6c2c614352b383efe2d36   
2  c777355d18b72b67abbeef9df44fd0fd  5b51032eddd242adc84c38acab88f23d   
3  7634da152a4610f1595efa32f14722fc  9d7a1d34a5052409006425275ba1c2b4   
4  ac6c3623068f30de03045865e4e10089  df560393f3a51e74553ab94004ba5c87   

   shipping_limit_date   price  freight_value  
0  2017-09-19 09:45:35   58.90          13.29  
1  2017-05-03 11:05:13  239.90          19.93  
2  2018-01-18 14:48:30  199.00          17.87  
3  2018-08-15 10:10:18   12.99          12.79  
4  2017-02-13 13:57:51  199.90          18.14  

Numeric statistics:
       order_item_id          price  freight_value
count  112650.000000  112650.000000  112650.000000
mean        1.197834     120.653739      19.990320
std         0.705124     183.633928      15.806405
min         1.000000       0.850000       0.000000
25%         1.000000      39.900000      13.080000
50%         1.000000      74.990000      16.260000
75%         1.000000     134.900000      21.150000
max        21.000000    6735.000000     409.680000

--- Duplicates ---
Duplicate rows: 0
order_id: 13,984 duplicate values
order_item_id: 112,629 duplicate values
product_id: 79,699 duplicate values
seller_id: 109,555 duplicate values
shipping_limit_date: 19,332 duplicate values
price: 106,682 duplicate values
freight_value: 105,651 duplicate values

============================================================
FILE: olist_order_payments_dataset.csv
============================================================
Shape: (103886, 5)

Columns:
['order_id', 'payment_sequential', 'payment_type', 'payment_installments', 'payment_value']

Data types:
order_id                    str
payment_sequential        int64
payment_type                str
payment_installments      int64
payment_value           float64
dtype: object

Missing values:
order_id                0
payment_sequential      0
payment_type            0
payment_installments    0
payment_value           0
dtype: int64

First 5 rows:
                           order_id  payment_sequential payment_type  \
0  b81ef226f3fe1789b1e8b2acac839d17                   1  credit_card   
1  a9810da82917af2d9aefd1278f1dcfa0                   1  credit_card   
2  25e8ea4e93396b6fa0d3dd708e76c1bd                   1  credit_card   
3  ba78997921bbcdc1373bb41e913ab953                   1  credit_card   
4  42fdf880ba16b47b59251dd489d4441a                   1  credit_card   

   payment_installments  payment_value  
0                     8          99.33  
1                     1          24.39  
2                     1          65.71  
3                     8         107.78  
4                     2         128.45  

Numeric statistics:
       payment_sequential  payment_installments  payment_value
count       103886.000000         103886.000000  103886.000000
mean             1.092679              2.853349     154.100380
std              0.706584              2.687051     217.494064
min              1.000000              0.000000       0.000000
25%              1.000000              1.000000      56.790000
50%              1.000000              1.000000     100.000000
75%              1.000000              4.000000     171.837500
max             29.000000             24.000000   13664.080000

--- Duplicates ---
Duplicate rows: 0
order_id: 4,446 duplicate values
payment_sequential: 103,857 duplicate values
payment_type: 103,881 duplicate values
payment_installments: 103,862 duplicate values
payment_value: 74,809 duplicate values

============================================================
FILE: olist_order_reviews_dataset.csv
============================================================
Shape: (99224, 7)

Columns:
['review_id', 'order_id', 'review_score', 'review_comment_title', 'review_comment_message', 'review_creation_date', 'review_answer_timestamp']

Data types:
review_id                    str
order_id                     str
review_score               int64
review_comment_title         str
review_comment_message       str
review_creation_date         str
review_answer_timestamp      str
dtype: object

Missing values:
review_id                      0
order_id                       0
review_score                   0
review_comment_title       87656
review_comment_message     58247
review_creation_date           0
review_answer_timestamp        0
dtype: int64

First 5 rows:
                          review_id                          order_id  \
0  7bc2406110b926393aa56f80a40eba40  73fc7af87114b39712e6da79b0a377eb   
1  80e641a11e56f04c1ad469d5645fdfde  a548910a1c6147796b98fdf73dbeba33   
2  228ce5500dc1d8e020d8d1322874b6f0  f9e4b658b201a9f2ecdecbb34bed034b   
3  e64fb393e7b32834bb789ff8bb30750e  658677c97b385a9be170737859d3511b   
4  f7c4243c7fe1938f181bec41a392bdeb  8e6bfb81e283fa7e4f11123a3fb894f1   

   review_score review_comment_title  \
0             4                  NaN   
1             5                  NaN   
2             5                  NaN   
3             5                  NaN   
4             5                  NaN   

                              review_comment_message review_creation_date  \
0                                                NaN  2018-01-18 00:00:00   
1                                                NaN  2018-03-10 00:00:00   
2                                                NaN  2018-02-17 00:00:00   
3              Recebi bem antes do prazo estipulado.  2017-04-21 00:00:00   
4  Parabéns lojas lannister adorei comprar pela I...  2018-03-01 00:00:00   

  review_answer_timestamp  
0     2018-01-18 21:46:59  
1     2018-03-11 03:05:13  
2     2018-02-18 14:36:24  
3     2017-04-21 22:02:06  
4     2018-03-02 10:26:53  

Numeric statistics:
       review_score
count  99224.000000
mean       4.086421
std        1.347579
min        1.000000
25%        4.000000
50%        5.000000
75%        5.000000
max        5.000000

--- Duplicates ---
Duplicate rows: 0
review_id: 814 duplicate values
order_id: 551 duplicate values
review_score: 99,219 duplicate values
review_comment_title: 94,696 duplicate values
review_comment_message: 63,064 duplicate values
review_creation_date: 98,588 duplicate values
review_answer_timestamp: 976 duplicate values

============================================================
FILE: olist_products_dataset.csv
============================================================
Shape: (32951, 9)

Columns:
['product_id', 'product_category_name', 'product_name_lenght', 'product_description_lenght', 'product_photos_qty', 'product_weight_g', 'product_length_cm', 'product_height_cm', 'product_width_cm']

Data types:
product_id                        str
product_category_name             str
product_name_lenght           float64
product_description_lenght    float64
product_photos_qty            float64
product_weight_g              float64
product_length_cm             float64
product_height_cm             float64
product_width_cm              float64
dtype: object

Missing values:
product_id                      0
product_category_name         610
product_name_lenght           610
product_description_lenght    610
product_photos_qty            610
product_weight_g                2
product_length_cm               2
product_height_cm               2
product_width_cm                2
dtype: int64

First 5 rows:
                         product_id  product_category_name  \
0  1e9e8ef04dbcff4541ed26657ea517e5             perfumaria   
1  3aa071139cb16b67ca9e5dea641aaa2f                  artes   
2  96bd76ec8810374ed1b65e291975717f          esporte_lazer   
3  cef67bcfe19066a932b7673e239eb23d                  bebes   
4  9dc1a7de274444849c219cff195d0b71  utilidades_domesticas   

   product_name_lenght  product_description_lenght  product_photos_qty  \
0                 40.0                       287.0                 1.0   
1                 44.0                       276.0                 1.0   
2                 46.0                       250.0                 1.0   
3                 27.0                       261.0                 1.0   
4                 37.0                       402.0                 4.0   

   product_weight_g  product_length_cm  product_height_cm  product_width_cm  
0             225.0               16.0               10.0              14.0  
1            1000.0               30.0               18.0              20.0  
2             154.0               18.0                9.0              15.0  
3             371.0               26.0                4.0              26.0  
4             625.0               20.0               17.0              13.0  

Numeric statistics:
       product_name_lenght  product_description_lenght  product_photos_qty  \
count         32341.000000                32341.000000        32341.000000   
mean             48.476949                  771.495285            2.188986   
std              10.245741                  635.115225            1.736766   
min               5.000000                    4.000000            1.000000   
25%              42.000000                  339.000000            1.000000   
50%              51.000000                  595.000000            1.000000   
75%              57.000000                  972.000000            3.000000   
max              76.000000                 3992.000000           20.000000   

       product_weight_g  product_length_cm  product_height_cm  \
count      32949.000000       32949.000000       32949.000000   
mean        2276.472488          30.815078          16.937661   
std         4282.038731          16.914458          13.637554   
min            0.000000           7.000000           2.000000   
25%          300.000000          18.000000           8.000000   
50%          700.000000          25.000000          13.000000   
75%         1900.000000          38.000000          21.000000   
max        40425.000000         105.000000         105.000000   

       product_width_cm  
count      32949.000000  
mean          23.196728  
std           12.079047  
min            6.000000  
25%           15.000000  
50%           20.000000  
75%           30.000000  
max          118.000000  

--- Duplicates ---
Duplicate rows: 0
product_id: 0 duplicate values
product_category_name: 32,877 duplicate values
product_name_lenght: 32,884 duplicate values
product_description_lenght: 29,990 duplicate values
product_photos_qty: 32,931 duplicate values
product_weight_g: 30,746 duplicate values
product_length_cm: 32,851 duplicate values
product_height_cm: 32,848 duplicate values
product_width_cm: 32,855 duplicate values

============================================================
FILE: olist_sellers_dataset.csv
============================================================
Shape: (3095, 4)

Columns:
['seller_id', 'seller_zip_code_prefix', 'seller_city', 'seller_state']

Data types:
seller_id                   str
seller_zip_code_prefix    int64
seller_city                 str
seller_state                str
dtype: object

Missing values:
seller_id                 0
seller_zip_code_prefix    0
seller_city               0
seller_state              0
dtype: int64

First 5 rows:
                          seller_id  seller_zip_code_prefix  \
0  3442f8959a84dea7ee197c632cb2df15                   13023   
1  d1b65fc7debc3361ea86b5f14c68d2e2                   13844   
2  ce3ad9de960102d0677a81f5d0bb7b2d                   20031   
3  c0f3eea2e14555b6faeea3dd58c1b1c3                    4195   
4  51a04a8a6bdcb23deccc82b0b80742cf                   12914   

         seller_city seller_state  
0           campinas           SP  
1         mogi guacu           SP  
2     rio de janeiro           RJ  
3          sao paulo           SP  
4  braganca paulista           SP  

Numeric statistics:
       seller_zip_code_prefix
count             3095.000000
mean             32291.059451
std              32713.453830
min               1001.000000
25%               7093.500000
50%              14940.000000
75%              64552.500000
max              99730.000000

--- Duplicates ---
Duplicate rows: 0
seller_id: 0 duplicate values
seller_zip_code_prefix: 849 duplicate values
seller_city: 2,484 duplicate values
seller_state: 3,072 duplicate values

============================================================
FILE: product_category_name_translation.csv
============================================================
Shape: (71, 2)

Columns:
['product_category_name', 'product_category_name_english']

Data types:
product_category_name            str
product_category_name_english    str
dtype: object

Missing values:
product_category_name            0
product_category_name_english    0
dtype: int64

First 5 rows:
    product_category_name product_category_name_english
0            beleza_saude                 health_beauty
1  informatica_acessorios         computers_accessories
2              automotivo                          auto
3         cama_mesa_banho                bed_bath_table
4        moveis_decoracao               furniture_decor

Numeric statistics:
       product_category_name product_category_name_english
count                     71                            71
unique                    71                            71
top             beleza_saude                 health_beauty
freq                       1                             1

--- Duplicates ---
Duplicate rows: 0
product_category_name: 0 duplicate values
product_category_name_english: 0 duplicate values
test
test
c:\Users\Utilisateur\Desktop\liste_depots\projet_groupe_mongodb\data

============================================================
FILE: olist_customers_dataset.csv
============================================================
Shape: (99441, 5)

Columns:
['customer_id', 'customer_unique_id', 'customer_zip_code_prefix', 'customer_city', 'customer_state']

Data types:
customer_id                   str
customer_unique_id            str
customer_zip_code_prefix    int64
customer_city                 str
customer_state                str
dtype: object

Missing values:
customer_id                 0
customer_unique_id          0
customer_zip_code_prefix    0
customer_city               0
customer_state              0
dtype: int64

First 5 rows:
                        customer_id                customer_unique_id  \
0  06b8999e2fba1a1fbc88172c00ba8bc7  861eff4711a542e4b93843c6dd7febb0   
1  18955e83d337fd6b2def6b18a428ac77  290c77bc529b7ac935b93aa66c333dc3   
2  4e7b3e00288586ebd08712fdd0374a03  060e732b5b29e8181a18229c7b0b2b5e   
3  b2b6027bc5c5109e529d4dc6358b12c3  259dac757896d24d7702b9acbbff3f3c   
4  4f2d8ab171c80ec8364f7c12e35b23ad  345ecd01c38d18a9036ed96c73b8d066   

   customer_zip_code_prefix          customer_city customer_state  
0                     14409                 franca             SP  
1                      9790  sao bernardo do campo             SP  
2                      1151              sao paulo             SP  
3                      8775        mogi das cruzes             SP  
4                     13056               campinas             SP  

Numeric statistics:
       customer_zip_code_prefix
count              99441.000000
mean               35137.474583
std                29797.938996
min                 1003.000000
25%                11347.000000
50%                24416.000000
75%                58900.000000
max                99990.000000

--- Duplicates ---
Duplicate rows: 0
customer_id: 0 duplicate values
customer_unique_id: 3,345 duplicate values
customer_zip_code_prefix: 84,447 duplicate values
customer_city: 95,322 duplicate values
customer_state: 99,414 duplicate values

============================================================
FILE: olist_geolocation_dataset.csv
============================================================
Shape: (1000163, 5)

Columns:
['geolocation_zip_code_prefix', 'geolocation_lat', 'geolocation_lng', 'geolocation_city', 'geolocation_state']

Data types:
geolocation_zip_code_prefix      int64
geolocation_lat                float64
geolocation_lng                float64
geolocation_city                   str
geolocation_state                  str
dtype: object

Missing values:
geolocation_zip_code_prefix    0
geolocation_lat                0
geolocation_lng                0
geolocation_city               0
geolocation_state              0
dtype: int64

First 5 rows:
   geolocation_zip_code_prefix  geolocation_lat  geolocation_lng  \
0                         1037       -23.545621       -46.639292   
1                         1046       -23.546081       -46.644820   
2                         1046       -23.546129       -46.642951   
3                         1041       -23.544392       -46.639499   
4                         1035       -23.541578       -46.641607   

  geolocation_city geolocation_state  
0        sao paulo                SP  
1        sao paulo                SP  
2        sao paulo                SP  
3        sao paulo                SP  
4        sao paulo                SP  

Numeric statistics:
       geolocation_zip_code_prefix  geolocation_lat  geolocation_lng
count                 1.000163e+06     1.000163e+06     1.000163e+06
mean                  3.657417e+04    -2.117615e+01    -4.639054e+01
std                   3.054934e+04     5.715866e+00     4.269748e+00
min                   1.001000e+03    -3.660537e+01    -1.014668e+02
25%                   1.107500e+04    -2.360355e+01    -4.857317e+01
50%                   2.653000e+04    -2.291938e+01    -4.663788e+01
75%                   6.350400e+04    -1.997962e+01    -4.376771e+01
max                   9.999000e+04     4.506593e+01     1.211054e+02

--- Duplicates ---
Duplicate rows: 261,831
geolocation_zip_code_prefix: 981,148 duplicate values
geolocation_lat: 282,803 duplicate values
geolocation_lng: 282,550 duplicate values
geolocation_city: 992,152 duplicate values
geolocation_state: 1,000,136 duplicate values

============================================================
FILE: olist_orders_dataset.csv
============================================================
Shape: (99441, 8)

Columns:
['order_id', 'customer_id', 'order_status', 'order_purchase_timestamp', 'order_approved_at', 'order_delivered_carrier_date', 'order_delivered_customer_date', 'order_estimated_delivery_date']

Data types:
order_id                         str
customer_id                      str
order_status                     str
order_purchase_timestamp         str
order_approved_at                str
order_delivered_carrier_date     str
order_delivered_customer_date    str
order_estimated_delivery_date    str
dtype: object

Missing values:
order_id                            0
customer_id                         0
order_status                        0
order_purchase_timestamp            0
order_approved_at                 160
order_delivered_carrier_date     1783
order_delivered_customer_date    2965
order_estimated_delivery_date       0
dtype: int64

First 5 rows:
                           order_id                       customer_id  \
0  e481f51cbdc54678b7cc49136f2d6af7  9ef432eb6251297304e76186b10a928d   
1  53cdb2fc8bc7dce0b6741e2150273451  b0830fb4747a6c6d20dea0b8c802d7ef   
2  47770eb9100c2d0c44946d9cf07ec65d  41ce2a54c0b03bf3443c3d931a367089   
3  949d5b44dbf5de918fe9c16f97b45f8a  f88197465ea7920adcdbec7375364d82   
4  ad21c59c0840e6cb83a9ceb5573f8159  8ab97904e6daea8866dbdbc4fb7aad2c   

  order_status order_purchase_timestamp    order_approved_at  \
0    delivered      2017-10-02 10:56:33  2017-10-02 11:07:15   
1    delivered      2018-07-24 20:41:37  2018-07-26 03:24:27   
2    delivered      2018-08-08 08:38:49  2018-08-08 08:55:23   
3    delivered      2017-11-18 19:28:06  2017-11-18 19:45:59   
4    delivered      2018-02-13 21:18:39  2018-02-13 22:20:29   

  order_delivered_carrier_date order_delivered_customer_date  \
0          2017-10-04 19:55:00           2017-10-10 21:25:13   
1          2018-07-26 14:31:00           2018-08-07 15:27:45   
2          2018-08-08 13:50:00           2018-08-17 18:06:29   
3          2017-11-22 13:39:59           2017-12-02 00:28:42   
4          2018-02-14 19:46:34           2018-02-16 18:17:02   

  order_estimated_delivery_date  
0           2017-10-18 00:00:00  
1           2018-08-13 00:00:00  
2           2018-09-04 00:00:00  
3           2017-12-15 00:00:00  
4           2018-02-26 00:00:00  

Numeric statistics:
                                order_id                       customer_id  \
count                              99441                             99441   
unique                             99441                             99441   
top     e481f51cbdc54678b7cc49136f2d6af7  9ef432eb6251297304e76186b10a928d   
freq                                   1                                 1   

       order_status order_purchase_timestamp    order_approved_at  \
count         99441                    99441                99281   
unique            8                    98875                90733   
top       delivered      2018-03-31 15:08:21  2018-02-27 04:31:10   
freq          96478                        3                    9   

       order_delivered_carrier_date order_delivered_customer_date  \
count                         97658                         96476   
unique                        81018                         95664   
top             2018-05-09 15:48:00           2018-05-14 20:02:44   
freq                             47                             3   

       order_estimated_delivery_date  
count                          99441  
unique                           459  
top              2017-12-20 00:00:00  
freq                             522  

--- Duplicates ---
Duplicate rows: 0
order_id: 0 duplicate values
customer_id: 0 duplicate values
order_status: 99,433 duplicate values
order_purchase_timestamp: 566 duplicate values
order_approved_at: 8,707 duplicate values
order_delivered_carrier_date: 18,422 duplicate values
order_delivered_customer_date: 3,776 duplicate values
order_estimated_delivery_date: 98,982 duplicate values

============================================================
FILE: olist_order_items_dataset.csv
============================================================
Shape: (112650, 7)

Columns:
['order_id', 'order_item_id', 'product_id', 'seller_id', 'shipping_limit_date', 'price', 'freight_value']

Data types:
order_id                   str
order_item_id            int64
product_id                 str
seller_id                  str
shipping_limit_date        str
price                  float64
freight_value          float64
dtype: object

Missing values:
order_id               0
order_item_id          0
product_id             0
seller_id              0
shipping_limit_date    0
price                  0
freight_value          0
dtype: int64

First 5 rows:
                           order_id  order_item_id  \
0  00010242fe8c5a6d1ba2dd792cb16214              1   
1  00018f77f2f0320c557190d7a144bdd3              1   
2  000229ec398224ef6ca0657da4fc703e              1   
3  00024acbcdf0a6daa1e931b038114c75              1   
4  00042b26cf59d7ce69dfabb4e55b4fd9              1   

                         product_id                         seller_id  \
0  4244733e06e7ecb4970a6e2683c13e61  48436dade18ac8b2bce089ec2a041202   
1  e5f2d52b802189ee658865ca93d83a8f  dd7ddc04e1b6c2c614352b383efe2d36   
2  c777355d18b72b67abbeef9df44fd0fd  5b51032eddd242adc84c38acab88f23d   
3  7634da152a4610f1595efa32f14722fc  9d7a1d34a5052409006425275ba1c2b4   
4  ac6c3623068f30de03045865e4e10089  df560393f3a51e74553ab94004ba5c87   

   shipping_limit_date   price  freight_value  
0  2017-09-19 09:45:35   58.90          13.29  
1  2017-05-03 11:05:13  239.90          19.93  
2  2018-01-18 14:48:30  199.00          17.87  
3  2018-08-15 10:10:18   12.99          12.79  
4  2017-02-13 13:57:51  199.90          18.14  

Numeric statistics:
       order_item_id          price  freight_value
count  112650.000000  112650.000000  112650.000000
mean        1.197834     120.653739      19.990320
std         0.705124     183.633928      15.806405
min         1.000000       0.850000       0.000000
25%         1.000000      39.900000      13.080000
50%         1.000000      74.990000      16.260000
75%         1.000000     134.900000      21.150000
max        21.000000    6735.000000     409.680000

--- Duplicates ---
Duplicate rows: 0
order_id: 13,984 duplicate values
order_item_id: 112,629 duplicate values
product_id: 79,699 duplicate values
seller_id: 109,555 duplicate values
shipping_limit_date: 19,332 duplicate values
price: 106,682 duplicate values
freight_value: 105,651 duplicate values

============================================================
FILE: olist_order_payments_dataset.csv
============================================================
Shape: (103886, 5)

Columns:
['order_id', 'payment_sequential', 'payment_type', 'payment_installments', 'payment_value']

Data types:
order_id                    str
payment_sequential        int64
payment_type                str
payment_installments      int64
payment_value           float64
dtype: object

Missing values:
order_id                0
payment_sequential      0
payment_type            0
payment_installments    0
payment_value           0
dtype: int64

First 5 rows:
                           order_id  payment_sequential payment_type  \
0  b81ef226f3fe1789b1e8b2acac839d17                   1  credit_card   
1  a9810da82917af2d9aefd1278f1dcfa0                   1  credit_card   
2  25e8ea4e93396b6fa0d3dd708e76c1bd                   1  credit_card   
3  ba78997921bbcdc1373bb41e913ab953                   1  credit_card   
4  42fdf880ba16b47b59251dd489d4441a                   1  credit_card   

   payment_installments  payment_value  
0                     8          99.33  
1                     1          24.39  
2                     1          65.71  
3                     8         107.78  
4                     2         128.45  

Numeric statistics:
       payment_sequential  payment_installments  payment_value
count       103886.000000         103886.000000  103886.000000
mean             1.092679              2.853349     154.100380
std              0.706584              2.687051     217.494064
min              1.000000              0.000000       0.000000
25%              1.000000              1.000000      56.790000
50%              1.000000              1.000000     100.000000
75%              1.000000              4.000000     171.837500
max             29.000000             24.000000   13664.080000

--- Duplicates ---
Duplicate rows: 0
order_id: 4,446 duplicate values
payment_sequential: 103,857 duplicate values
payment_type: 103,881 duplicate values
payment_installments: 103,862 duplicate values
payment_value: 74,809 duplicate values

============================================================
FILE: olist_order_reviews_dataset.csv
============================================================
Shape: (99224, 7)

Columns:
['review_id', 'order_id', 'review_score', 'review_comment_title', 'review_comment_message', 'review_creation_date', 'review_answer_timestamp']

Data types:
review_id                    str
order_id                     str
review_score               int64
review_comment_title         str
review_comment_message       str
review_creation_date         str
review_answer_timestamp      str
dtype: object

Missing values:
review_id                      0
order_id                       0
review_score                   0
review_comment_title       87656
review_comment_message     58247
review_creation_date           0
review_answer_timestamp        0
dtype: int64

First 5 rows:
                          review_id                          order_id  \
0  7bc2406110b926393aa56f80a40eba40  73fc7af87114b39712e6da79b0a377eb   
1  80e641a11e56f04c1ad469d5645fdfde  a548910a1c6147796b98fdf73dbeba33   
2  228ce5500dc1d8e020d8d1322874b6f0  f9e4b658b201a9f2ecdecbb34bed034b   
3  e64fb393e7b32834bb789ff8bb30750e  658677c97b385a9be170737859d3511b   
4  f7c4243c7fe1938f181bec41a392bdeb  8e6bfb81e283fa7e4f11123a3fb894f1   

   review_score review_comment_title  \
0             4                  NaN   
1             5                  NaN   
2             5                  NaN   
3             5                  NaN   
4             5                  NaN   

                              review_comment_message review_creation_date  \
0                                                NaN  2018-01-18 00:00:00   
1                                                NaN  2018-03-10 00:00:00   
2                                                NaN  2018-02-17 00:00:00   
3              Recebi bem antes do prazo estipulado.  2017-04-21 00:00:00   
4  Parabéns lojas lannister adorei comprar pela I...  2018-03-01 00:00:00   

  review_answer_timestamp  
0     2018-01-18 21:46:59  
1     2018-03-11 03:05:13  
2     2018-02-18 14:36:24  
3     2017-04-21 22:02:06  
4     2018-03-02 10:26:53  

Numeric statistics:
       review_score
count  99224.000000
mean       4.086421
std        1.347579
min        1.000000
25%        4.000000
50%        5.000000
75%        5.000000
max        5.000000

--- Duplicates ---
Duplicate rows: 0
review_id: 814 duplicate values
order_id: 551 duplicate values
review_score: 99,219 duplicate values
review_comment_title: 94,696 duplicate values
review_comment_message: 63,064 duplicate values
review_creation_date: 98,588 duplicate values
review_answer_timestamp: 976 duplicate values

============================================================
FILE: olist_products_dataset.csv
============================================================
Shape: (32951, 9)

Columns:
['product_id', 'product_category_name', 'product_name_lenght', 'product_description_lenght', 'product_photos_qty', 'product_weight_g', 'product_length_cm', 'product_height_cm', 'product_width_cm']

Data types:
product_id                        str
product_category_name             str
product_name_lenght           float64
product_description_lenght    float64
product_photos_qty            float64
product_weight_g              float64
product_length_cm             float64
product_height_cm             float64
product_width_cm              float64
dtype: object

Missing values:
product_id                      0
product_category_name         610
product_name_lenght           610
product_description_lenght    610
product_photos_qty            610
product_weight_g                2
product_length_cm               2
product_height_cm               2
product_width_cm                2
dtype: int64

First 5 rows:
                         product_id  product_category_name  \
0  1e9e8ef04dbcff4541ed26657ea517e5             perfumaria   
1  3aa071139cb16b67ca9e5dea641aaa2f                  artes   
2  96bd76ec8810374ed1b65e291975717f          esporte_lazer   
3  cef67bcfe19066a932b7673e239eb23d                  bebes   
4  9dc1a7de274444849c219cff195d0b71  utilidades_domesticas   

   product_name_lenght  product_description_lenght  product_photos_qty  \
0                 40.0                       287.0                 1.0   
1                 44.0                       276.0                 1.0   
2                 46.0                       250.0                 1.0   
3                 27.0                       261.0                 1.0   
4                 37.0                       402.0                 4.0   

   product_weight_g  product_length_cm  product_height_cm  product_width_cm  
0             225.0               16.0               10.0              14.0  
1            1000.0               30.0               18.0              20.0  
2             154.0               18.0                9.0              15.0  
3             371.0               26.0                4.0              26.0  
4             625.0               20.0               17.0              13.0  

Numeric statistics:
       product_name_lenght  product_description_lenght  product_photos_qty  \
count         32341.000000                32341.000000        32341.000000   
mean             48.476949                  771.495285            2.188986   
std              10.245741                  635.115225            1.736766   
min               5.000000                    4.000000            1.000000   
25%              42.000000                  339.000000            1.000000   
50%              51.000000                  595.000000            1.000000   
75%              57.000000                  972.000000            3.000000   
max              76.000000                 3992.000000           20.000000   

       product_weight_g  product_length_cm  product_height_cm  \
count      32949.000000       32949.000000       32949.000000   
mean        2276.472488          30.815078          16.937661   
std         4282.038731          16.914458          13.637554   
min            0.000000           7.000000           2.000000   
25%          300.000000          18.000000           8.000000   
50%          700.000000          25.000000          13.000000   
75%         1900.000000          38.000000          21.000000   
max        40425.000000         105.000000         105.000000   

       product_width_cm  
count      32949.000000  
mean          23.196728  
std           12.079047  
min            6.000000  
25%           15.000000  
50%           20.000000  
75%           30.000000  
max          118.000000  

--- Duplicates ---
Duplicate rows: 0
product_id: 0 duplicate values
product_category_name: 32,877 duplicate values
product_name_lenght: 32,884 duplicate values
product_description_lenght: 29,990 duplicate values
product_photos_qty: 32,931 duplicate values
product_weight_g: 30,746 duplicate values
product_length_cm: 32,851 duplicate values
product_height_cm: 32,848 duplicate values
product_width_cm: 32,855 duplicate values

============================================================
FILE: olist_sellers_dataset.csv
============================================================
Shape: (3095, 4)

Columns:
['seller_id', 'seller_zip_code_prefix', 'seller_city', 'seller_state']

Data types:
seller_id                   str
seller_zip_code_prefix    int64
seller_city                 str
seller_state                str
dtype: object

Missing values:
seller_id                 0
seller_zip_code_prefix    0
seller_city               0
seller_state              0
dtype: int64

First 5 rows:
                          seller_id  seller_zip_code_prefix  \
0  3442f8959a84dea7ee197c632cb2df15                   13023   
1  d1b65fc7debc3361ea86b5f14c68d2e2                   13844   
2  ce3ad9de960102d0677a81f5d0bb7b2d                   20031   
3  c0f3eea2e14555b6faeea3dd58c1b1c3                    4195   
4  51a04a8a6bdcb23deccc82b0b80742cf                   12914   

         seller_city seller_state  
0           campinas           SP  
1         mogi guacu           SP  
2     rio de janeiro           RJ  
3          sao paulo           SP  
4  braganca paulista           SP  

Numeric statistics:
       seller_zip_code_prefix
count             3095.000000
mean             32291.059451
std              32713.453830
min               1001.000000
25%               7093.500000
50%              14940.000000
75%              64552.500000
max              99730.000000

--- Duplicates ---
Duplicate rows: 0
seller_id: 0 duplicate values
seller_zip_code_prefix: 849 duplicate values
seller_city: 2,484 duplicate values
seller_state: 3,072 duplicate values

============================================================
FILE: product_category_name_translation.csv
============================================================
Shape: (71, 2)

Columns:
['product_category_name', 'product_category_name_english']

Data types:
product_category_name            str
product_category_name_english    str
dtype: object

Missing values:
product_category_name            0
product_category_name_english    0
dtype: int64

First 5 rows:
    product_category_name product_category_name_english
0            beleza_saude                 health_beauty
1  informatica_acessorios         computers_accessories
2              automotivo                          auto
3         cama_mesa_banho                bed_bath_table
4        moveis_decoracao               furniture_decor

Numeric statistics:
       product_category_name product_category_name_english
count                     71                            71
unique                    71                            71
top             beleza_saude                 health_beauty
freq                       1                             1

--- Duplicates ---
Duplicate rows: 0
product_category_name: 0 duplicate values
product_category_name_english: 0 duplicate values
test
test
test
test
test1
test
test2
info
warning
error
critical
info
debug
warning
error
critical
c:\Users\Utilisateur\Desktop\liste_depots\projet_groupe_mongodb\src
c:\Users\Utilisateur\Desktop\liste_depots\projet_groupe_mongodb
c:\Users\Utilisateur\Desktop\liste_depots\projet_groupe_mongodb\data

============================================================
FILE: olist_customers_dataset.csv
============================================================
Shape: (99441, 5)

Columns:
['customer_id', 'customer_unique_id', 'customer_zip_code_prefix', 'customer_city', 'customer_state']

Data types:
customer_id                   str
customer_unique_id            str
customer_zip_code_prefix    int64
customer_city                 str
customer_state                str
dtype: object

Missing values:
customer_id                 0
customer_unique_id          0
customer_zip_code_prefix    0
customer_city               0
customer_state              0
dtype: int64

First 5 rows:
                        customer_id                customer_unique_id  \
0  06b8999e2fba1a1fbc88172c00ba8bc7  861eff4711a542e4b93843c6dd7febb0   
1  18955e83d337fd6b2def6b18a428ac77  290c77bc529b7ac935b93aa66c333dc3   
2  4e7b3e00288586ebd08712fdd0374a03  060e732b5b29e8181a18229c7b0b2b5e   
3  b2b6027bc5c5109e529d4dc6358b12c3  259dac757896d24d7702b9acbbff3f3c   
4  4f2d8ab171c80ec8364f7c12e35b23ad  345ecd01c38d18a9036ed96c73b8d066   

   customer_zip_code_prefix          customer_city customer_state  
0                     14409                 franca             SP  
1                      9790  sao bernardo do campo             SP  
2                      1151              sao paulo             SP  
3                      8775        mogi das cruzes             SP  
4                     13056               campinas             SP  

Numeric statistics:
       customer_zip_code_prefix
count              99441.000000
mean               35137.474583
std                29797.938996
min                 1003.000000
25%                11347.000000
50%                24416.000000
75%                58900.000000
max                99990.000000

--- Duplicates ---
Duplicate rows: 0
customer_id: 0 duplicate values
customer_unique_id: 3,345 duplicate values
customer_zip_code_prefix: 84,447 duplicate values
customer_city: 95,322 duplicate values
customer_state: 99,414 duplicate values

============================================================
FILE: olist_geolocation_dataset.csv
============================================================
Shape: (1000163, 5)

Columns:
['geolocation_zip_code_prefix', 'geolocation_lat', 'geolocation_lng', 'geolocation_city', 'geolocation_state']

Data types:
geolocation_zip_code_prefix      int64
geolocation_lat                float64
geolocation_lng                float64
geolocation_city                   str
geolocation_state                  str
dtype: object

Missing values:
geolocation_zip_code_prefix    0
geolocation_lat                0
geolocation_lng                0
geolocation_city               0
geolocation_state              0
dtype: int64

First 5 rows:
   geolocation_zip_code_prefix  geolocation_lat  geolocation_lng  \
0                         1037       -23.545621       -46.639292   
1                         1046       -23.546081       -46.644820   
2                         1046       -23.546129       -46.642951   
3                         1041       -23.544392       -46.639499   
4                         1035       -23.541578       -46.641607   

  geolocation_city geolocation_state  
0        sao paulo                SP  
1        sao paulo                SP  
2        sao paulo                SP  
3        sao paulo                SP  
4        sao paulo                SP  

Numeric statistics:
       geolocation_zip_code_prefix  geolocation_lat  geolocation_lng
count                 1.000163e+06     1.000163e+06     1.000163e+06
mean                  3.657417e+04    -2.117615e+01    -4.639054e+01
std                   3.054934e+04     5.715866e+00     4.269748e+00
min                   1.001000e+03    -3.660537e+01    -1.014668e+02
25%                   1.107500e+04    -2.360355e+01    -4.857317e+01
50%                   2.653000e+04    -2.291938e+01    -4.663788e+01
75%                   6.350400e+04    -1.997962e+01    -4.376771e+01
max                   9.999000e+04     4.506593e+01     1.211054e+02

--- Duplicates ---
Duplicate rows: 261,831
geolocation_zip_code_prefix: 981,148 duplicate values
geolocation_lat: 282,803 duplicate values
geolocation_lng: 282,550 duplicate values
geolocation_city: 992,152 duplicate values
geolocation_state: 1,000,136 duplicate values

============================================================
FILE: olist_orders_dataset.csv
============================================================
Shape: (99441, 8)

Columns:
['order_id', 'customer_id', 'order_status', 'order_purchase_timestamp', 'order_approved_at', 'order_delivered_carrier_date', 'order_delivered_customer_date', 'order_estimated_delivery_date']

Data types:
order_id                         str
customer_id                      str
order_status                     str
order_purchase_timestamp         str
order_approved_at                str
order_delivered_carrier_date     str
order_delivered_customer_date    str
order_estimated_delivery_date    str
dtype: object

Missing values:
order_id                            0
customer_id                         0
order_status                        0
order_purchase_timestamp            0
order_approved_at                 160
order_delivered_carrier_date     1783
order_delivered_customer_date    2965
order_estimated_delivery_date       0
dtype: int64

First 5 rows:
                           order_id                       customer_id  \
0  e481f51cbdc54678b7cc49136f2d6af7  9ef432eb6251297304e76186b10a928d   
1  53cdb2fc8bc7dce0b6741e2150273451  b0830fb4747a6c6d20dea0b8c802d7ef   
2  47770eb9100c2d0c44946d9cf07ec65d  41ce2a54c0b03bf3443c3d931a367089   
3  949d5b44dbf5de918fe9c16f97b45f8a  f88197465ea7920adcdbec7375364d82   
4  ad21c59c0840e6cb83a9ceb5573f8159  8ab97904e6daea8866dbdbc4fb7aad2c   

  order_status order_purchase_timestamp    order_approved_at  \
0    delivered      2017-10-02 10:56:33  2017-10-02 11:07:15   
1    delivered      2018-07-24 20:41:37  2018-07-26 03:24:27   
2    delivered      2018-08-08 08:38:49  2018-08-08 08:55:23   
3    delivered      2017-11-18 19:28:06  2017-11-18 19:45:59   
4    delivered      2018-02-13 21:18:39  2018-02-13 22:20:29   

  order_delivered_carrier_date order_delivered_customer_date  \
0          2017-10-04 19:55:00           2017-10-10 21:25:13   
1          2018-07-26 14:31:00           2018-08-07 15:27:45   
2          2018-08-08 13:50:00           2018-08-17 18:06:29   
3          2017-11-22 13:39:59           2017-12-02 00:28:42   
4          2018-02-14 19:46:34           2018-02-16 18:17:02   

  order_estimated_delivery_date  
0           2017-10-18 00:00:00  
1           2018-08-13 00:00:00  
2           2018-09-04 00:00:00  
3           2017-12-15 00:00:00  
4           2018-02-26 00:00:00  

Numeric statistics:
                                order_id                       customer_id  \
count                              99441                             99441   
unique                             99441                             99441   
top     e481f51cbdc54678b7cc49136f2d6af7  9ef432eb6251297304e76186b10a928d   
freq                                   1                                 1   

       order_status order_purchase_timestamp    order_approved_at  \
count         99441                    99441                99281   
unique            8                    98875                90733   
top       delivered      2018-03-31 15:08:21  2018-02-27 04:31:10   
freq          96478                        3                    9   

       order_delivered_carrier_date order_delivered_customer_date  \
count                         97658                         96476   
unique                        81018                         95664   
top             2018-05-09 15:48:00           2018-05-14 20:02:44   
freq                             47                             3   

       order_estimated_delivery_date  
count                          99441  
unique                           459  
top              2017-12-20 00:00:00  
freq                             522  

--- Duplicates ---
Duplicate rows: 0
order_id: 0 duplicate values
customer_id: 0 duplicate values
order_status: 99,433 duplicate values
order_purchase_timestamp: 566 duplicate values
order_approved_at: 8,707 duplicate values
order_delivered_carrier_date: 18,422 duplicate values
order_delivered_customer_date: 3,776 duplicate values
order_estimated_delivery_date: 98,982 duplicate values

============================================================
FILE: olist_order_items_dataset.csv
============================================================
Shape: (112650, 7)

Columns:
['order_id', 'order_item_id', 'product_id', 'seller_id', 'shipping_limit_date', 'price', 'freight_value']

Data types:
order_id                   str
order_item_id            int64
product_id                 str
seller_id                  str
shipping_limit_date        str
price                  float64
freight_value          float64
dtype: object

Missing values:
order_id               0
order_item_id          0
product_id             0
seller_id              0
shipping_limit_date    0
price                  0
freight_value          0
dtype: int64

First 5 rows:
                           order_id  order_item_id  \
0  00010242fe8c5a6d1ba2dd792cb16214              1   
1  00018f77f2f0320c557190d7a144bdd3              1   
2  000229ec398224ef6ca0657da4fc703e              1   
3  00024acbcdf0a6daa1e931b038114c75              1   
4  00042b26cf59d7ce69dfabb4e55b4fd9              1   

                         product_id                         seller_id  \
0  4244733e06e7ecb4970a6e2683c13e61  48436dade18ac8b2bce089ec2a041202   
1  e5f2d52b802189ee658865ca93d83a8f  dd7ddc04e1b6c2c614352b383efe2d36   
2  c777355d18b72b67abbeef9df44fd0fd  5b51032eddd242adc84c38acab88f23d   
3  7634da152a4610f1595efa32f14722fc  9d7a1d34a5052409006425275ba1c2b4   
4  ac6c3623068f30de03045865e4e10089  df560393f3a51e74553ab94004ba5c87   

   shipping_limit_date   price  freight_value  
0  2017-09-19 09:45:35   58.90          13.29  
1  2017-05-03 11:05:13  239.90          19.93  
2  2018-01-18 14:48:30  199.00          17.87  
3  2018-08-15 10:10:18   12.99          12.79  
4  2017-02-13 13:57:51  199.90          18.14  

Numeric statistics:
       order_item_id          price  freight_value
count  112650.000000  112650.000000  112650.000000
mean        1.197834     120.653739      19.990320
std         0.705124     183.633928      15.806405
min         1.000000       0.850000       0.000000
25%         1.000000      39.900000      13.080000
50%         1.000000      74.990000      16.260000
75%         1.000000     134.900000      21.150000
max        21.000000    6735.000000     409.680000

--- Duplicates ---
Duplicate rows: 0
order_id: 13,984 duplicate values
order_item_id: 112,629 duplicate values
product_id: 79,699 duplicate values
seller_id: 109,555 duplicate values
shipping_limit_date: 19,332 duplicate values
price: 106,682 duplicate values
freight_value: 105,651 duplicate values

============================================================
FILE: olist_order_payments_dataset.csv
============================================================
Shape: (103886, 5)

Columns:
['order_id', 'payment_sequential', 'payment_type', 'payment_installments', 'payment_value']

Data types:
order_id                    str
payment_sequential        int64
payment_type                str
payment_installments      int64
payment_value           float64
dtype: object

Missing values:
order_id                0
payment_sequential      0
payment_type            0
payment_installments    0
payment_value           0
dtype: int64

First 5 rows:
                           order_id  payment_sequential payment_type  \
0  b81ef226f3fe1789b1e8b2acac839d17                   1  credit_card   
1  a9810da82917af2d9aefd1278f1dcfa0                   1  credit_card   
2  25e8ea4e93396b6fa0d3dd708e76c1bd                   1  credit_card   
3  ba78997921bbcdc1373bb41e913ab953                   1  credit_card   
4  42fdf880ba16b47b59251dd489d4441a                   1  credit_card   

   payment_installments  payment_value  
0                     8          99.33  
1                     1          24.39  
2                     1          65.71  
3                     8         107.78  
4                     2         128.45  

Numeric statistics:
       payment_sequential  payment_installments  payment_value
count       103886.000000         103886.000000  103886.000000
mean             1.092679              2.853349     154.100380
std              0.706584              2.687051     217.494064
min              1.000000              0.000000       0.000000
25%              1.000000              1.000000      56.790000
50%              1.000000              1.000000     100.000000
75%              1.000000              4.000000     171.837500
max             29.000000             24.000000   13664.080000

--- Duplicates ---
Duplicate rows: 0
order_id: 4,446 duplicate values
payment_sequential: 103,857 duplicate values
payment_type: 103,881 duplicate values
payment_installments: 103,862 duplicate values
payment_value: 74,809 duplicate values

============================================================
FILE: olist_order_reviews_dataset.csv
============================================================
Shape: (99224, 7)

Columns:
['review_id', 'order_id', 'review_score', 'review_comment_title', 'review_comment_message', 'review_creation_date', 'review_answer_timestamp']

Data types:
review_id                    str
order_id                     str
review_score               int64
review_comment_title         str
review_comment_message       str
review_creation_date         str
review_answer_timestamp      str
dtype: object

Missing values:
review_id                      0
order_id                       0
review_score                   0
review_comment_title       87656
review_comment_message     58247
review_creation_date           0
review_answer_timestamp        0
dtype: int64

First 5 rows:
                          review_id                          order_id  \
0  7bc2406110b926393aa56f80a40eba40  73fc7af87114b39712e6da79b0a377eb   
1  80e641a11e56f04c1ad469d5645fdfde  a548910a1c6147796b98fdf73dbeba33   
2  228ce5500dc1d8e020d8d1322874b6f0  f9e4b658b201a9f2ecdecbb34bed034b   
3  e64fb393e7b32834bb789ff8bb30750e  658677c97b385a9be170737859d3511b   
4  f7c4243c7fe1938f181bec41a392bdeb  8e6bfb81e283fa7e4f11123a3fb894f1   

   review_score review_comment_title  \
0             4                  NaN   
1             5                  NaN   
2             5                  NaN   
3             5                  NaN   
4             5                  NaN   

                              review_comment_message review_creation_date  \
0                                                NaN  2018-01-18 00:00:00   
1                                                NaN  2018-03-10 00:00:00   
2                                                NaN  2018-02-17 00:00:00   
3              Recebi bem antes do prazo estipulado.  2017-04-21 00:00:00   
4  Parabéns lojas lannister adorei comprar pela I...  2018-03-01 00:00:00   

  review_answer_timestamp  
0     2018-01-18 21:46:59  
1     2018-03-11 03:05:13  
2     2018-02-18 14:36:24  
3     2017-04-21 22:02:06  
4     2018-03-02 10:26:53  

Numeric statistics:
       review_score
count  99224.000000
mean       4.086421
std        1.347579
min        1.000000
25%        4.000000
50%        5.000000
75%        5.000000
max        5.000000

--- Duplicates ---
Duplicate rows: 0
review_id: 814 duplicate values
order_id: 551 duplicate values
review_score: 99,219 duplicate values
review_comment_title: 94,696 duplicate values
review_comment_message: 63,064 duplicate values
review_creation_date: 98,588 duplicate values
review_answer_timestamp: 976 duplicate values

============================================================
FILE: olist_products_dataset.csv
============================================================
Shape: (32951, 9)

Columns:
['product_id', 'product_category_name', 'product_name_lenght', 'product_description_lenght', 'product_photos_qty', 'product_weight_g', 'product_length_cm', 'product_height_cm', 'product_width_cm']

Data types:
product_id                        str
product_category_name             str
product_name_lenght           float64
product_description_lenght    float64
product_photos_qty            float64
product_weight_g              float64
product_length_cm             float64
product_height_cm             float64
product_width_cm              float64
dtype: object

Missing values:
product_id                      0
product_category_name         610
product_name_lenght           610
product_description_lenght    610
product_photos_qty            610
product_weight_g                2
product_length_cm               2
product_height_cm               2
product_width_cm                2
dtype: int64

First 5 rows:
                         product_id  product_category_name  \
0  1e9e8ef04dbcff4541ed26657ea517e5             perfumaria   
1  3aa071139cb16b67ca9e5dea641aaa2f                  artes   
2  96bd76ec8810374ed1b65e291975717f          esporte_lazer   
3  cef67bcfe19066a932b7673e239eb23d                  bebes   
4  9dc1a7de274444849c219cff195d0b71  utilidades_domesticas   

   product_name_lenght  product_description_lenght  product_photos_qty  \
0                 40.0                       287.0                 1.0   
1                 44.0                       276.0                 1.0   
2                 46.0                       250.0                 1.0   
3                 27.0                       261.0                 1.0   
4                 37.0                       402.0                 4.0   

   product_weight_g  product_length_cm  product_height_cm  product_width_cm  
0             225.0               16.0               10.0              14.0  
1            1000.0               30.0               18.0              20.0  
2             154.0               18.0                9.0              15.0  
3             371.0               26.0                4.0              26.0  
4             625.0               20.0               17.0              13.0  

Numeric statistics:
       product_name_lenght  product_description_lenght  product_photos_qty  \
count         32341.000000                32341.000000        32341.000000   
mean             48.476949                  771.495285            2.188986   
std              10.245741                  635.115225            1.736766   
min               5.000000                    4.000000            1.000000   
25%              42.000000                  339.000000            1.000000   
50%              51.000000                  595.000000            1.000000   
75%              57.000000                  972.000000            3.000000   
max              76.000000                 3992.000000           20.000000   

       product_weight_g  product_length_cm  product_height_cm  \
count      32949.000000       32949.000000       32949.000000   
mean        2276.472488          30.815078          16.937661   
std         4282.038731          16.914458          13.637554   
min            0.000000           7.000000           2.000000   
25%          300.000000          18.000000           8.000000   
50%          700.000000          25.000000          13.000000   
75%         1900.000000          38.000000          21.000000   
max        40425.000000         105.000000         105.000000   

       product_width_cm  
count      32949.000000  
mean          23.196728  
std           12.079047  
min            6.000000  
25%           15.000000  
50%           20.000000  
75%           30.000000  
max          118.000000  

--- Duplicates ---
Duplicate rows: 0
product_id: 0 duplicate values
product_category_name: 32,877 duplicate values
product_name_lenght: 32,884 duplicate values
product_description_lenght: 29,990 duplicate values
product_photos_qty: 32,931 duplicate values
product_weight_g: 30,746 duplicate values
product_length_cm: 32,851 duplicate values
product_height_cm: 32,848 duplicate values
product_width_cm: 32,855 duplicate values

============================================================
FILE: olist_sellers_dataset.csv
============================================================
Shape: (3095, 4)

Columns:
['seller_id', 'seller_zip_code_prefix', 'seller_city', 'seller_state']

Data types:
seller_id                   str
seller_zip_code_prefix    int64
seller_city                 str
seller_state                str
dtype: object

Missing values:
seller_id                 0
seller_zip_code_prefix    0
seller_city               0
seller_state              0
dtype: int64

First 5 rows:
                          seller_id  seller_zip_code_prefix  \
0  3442f8959a84dea7ee197c632cb2df15                   13023   
1  d1b65fc7debc3361ea86b5f14c68d2e2                   13844   
2  ce3ad9de960102d0677a81f5d0bb7b2d                   20031   
3  c0f3eea2e14555b6faeea3dd58c1b1c3                    4195   
4  51a04a8a6bdcb23deccc82b0b80742cf                   12914   

         seller_city seller_state  
0           campinas           SP  
1         mogi guacu           SP  
2     rio de janeiro           RJ  
3          sao paulo           SP  
4  braganca paulista           SP  

Numeric statistics:
       seller_zip_code_prefix
count             3095.000000
mean             32291.059451
std              32713.453830
min               1001.000000
25%               7093.500000
50%              14940.000000
75%              64552.500000
max              99730.000000

--- Duplicates ---
Duplicate rows: 0
seller_id: 0 duplicate values
seller_zip_code_prefix: 849 duplicate values
seller_city: 2,484 duplicate values
seller_state: 3,072 duplicate values

============================================================
FILE: product_category_name_translation.csv
============================================================
Shape: (71, 2)

Columns:
['product_category_name', 'product_category_name_english']

Data types:
product_category_name            str
product_category_name_english    str
dtype: object

Missing values:
product_category_name            0
product_category_name_english    0
dtype: int64

First 5 rows:
    product_category_name product_category_name_english
0            beleza_saude                 health_beauty
1  informatica_acessorios         computers_accessories
2              automotivo                          auto
3         cama_mesa_banho                bed_bath_table
4        moveis_decoracao               furniture_decor

Numeric statistics:
       product_category_name product_category_name_english
count                     71                            71
unique                    71                            71
top             beleza_saude                 health_beauty
freq                       1                             1

--- Duplicates ---
Duplicate rows: 0
product_category_name: 0 duplicate values
product_category_name_english: 0 duplicate values
dict_keys(['olist_customers_dataset', 'olist_geolocation_dataset', 'olist_orders_dataset', 'olist_order_items_dataset', 'olist_order_payments_dataset', 'olist_order_reviews_dataset', 'olist_products_dataset', 'olist_sellers_dataset', 'product_category_name_translation'])
{'_id': ObjectId('6aabbf2bb85471bfb9bda1d0'), 'order_id': 'e481f51cbdc54678b7cc49136f2d6af7', 'customer_id': '9ef432eb6251297304e76186b10a928d', 'order_status': 'delivered', 'order_purchase_timestamp': '2017-10-02 10:56:33', 'order_approved_at': '2017-10-02 11:07:15', 'order_delivered_carrier_date': '2017-10-04 19:55:00', 'order_delivered_customer_date': '2017-10-10 21:25:13', 'order_estimated_delivery_date': '2017-10-18 00:00:00'}
{'_id': ObjectId('6aabbf2bb85471bfb9bda1d1'), 'order_id': '53cdb2fc8bc7dce0b6741e2150273451', 'customer_id': 'b0830fb4747a6c6d20dea0b8c802d7ef', 'order_status': 'delivered', 'order_purchase_timestamp': '2018-07-24 20:41:37', 'order_approved_at': '2018-07-26 03:24:27', 'order_delivered_carrier_date': '2018-07-26 14:31:00', 'order_delivered_customer_date': '2018-08-07 15:27:45', 'order_estimated_delivery_date': '2018-08-13 00:00:00'}
{'_id': ObjectId('6aabbf2bb85471bfb9bda1d2'), 'order_id': '47770eb9100c2d0c44946d9cf07ec65d', 'customer_id': '41ce2a54c0b03bf3443c3d931a367089', 'order_status': 'delivered', 'order_purchase_timestamp': '2018-08-08 08:38:49', 'order_approved_at': '2018-08-08 08:55:23', 'order_delivered_carrier_date': '2018-08-08 13:50:00', 'order_delivered_customer_date': '2018-08-17 18:06:29', 'order_estimated_delivery_date': '2018-09-04 00:00:00'}
{'_id': ObjectId('6aabbf2bb85471bfb9bda1d3'), 'order_id': '949d5b44dbf5de918fe9c16f97b45f8a', 'customer_id': 'f88197465ea7920adcdbec7375364d82', 'order_status': 'delivered', 'order_purchase_timestamp': '2017-11-18 19:28:06', 'order_approved_at': '2017-11-18 19:45:59', 'order_delivered_carrier_date': '2017-11-22 13:39:59', 'order_delivered_customer_date': '2017-12-02 00:28:42', 'order_estimated_delivery_date': '2017-12-15 00:00:00'}
{'_id': ObjectId('6aabbf2bb85471bfb9bda1d4'), 'order_id': 'ad21c59c0840e6cb83a9ceb5573f8159', 'customer_id': '8ab97904e6daea8866dbdbc4fb7aad2c', 'order_status': 'delivered', 'order_purchase_timestamp': '2018-02-13 21:18:39', 'order_approved_at': '2018-02-13 22:20:29', 'order_delivered_carrier_date': '2018-02-14 19:46:34', 'order_delivered_customer_date': '2018-02-16 18:17:02', 'order_estimated_delivery_date': '2018-02-26 00:00:00'}
{'_id': ObjectId('6aabbf3c342e44e218e028e5'), 'order_id': 'e481f51cbdc54678b7cc49136f2d6af7', 'customer_id': '9ef432eb6251297304e76186b10a928d', 'order_status': 'delivered', 'order_purchase_timestamp': '2017-10-02 10:56:33', 'order_approved_at': '2017-10-02 11:07:15', 'order_delivered_carrier_date': '2017-10-04 19:55:00', 'order_delivered_customer_date': '2017-10-10 21:25:13', 'order_estimated_delivery_date': '2017-10-18 00:00:00', 'payments': {'_id': ObjectId('6aabbf38b85471bfb9bf5053'), 'order_id': 'e481f51cbdc54678b7cc49136f2d6af7', 'payment_sequential': 1, 'payment_type': 'credit_card', 'payment_installments': 1, 'payment_value': 18.12}}
{'_id': ObjectId('6aabbf3c342e44e218e028e6'), 'order_id': 'e481f51cbdc54678b7cc49136f2d6af7', 'customer_id': '9ef432eb6251297304e76186b10a928d', 'order_status': 'delivered', 'order_purchase_timestamp': '2017-10-02 10:56:33', 'order_approved_at': '2017-10-02 11:07:15', 'order_delivered_carrier_date': '2017-10-04 19:55:00', 'order_delivered_customer_date': '2017-10-10 21:25:13', 'order_estimated_delivery_date': '2017-10-18 00:00:00', 'payments': {'_id': ObjectId('6aabbf38b85471bfb9bfd317'), 'order_id': 'e481f51cbdc54678b7cc49136f2d6af7', 'payment_sequential': 3, 'payment_type': 'voucher', 'payment_installments': 1, 'payment_value': 2.0}}
{'_id': ObjectId('6aabbf3c342e44e218e028e7'), 'order_id': 'e481f51cbdc54678b7cc49136f2d6af7', 'customer_id': '9ef432eb6251297304e76186b10a928d', 'order_status': 'delivered', 'order_purchase_timestamp': '2017-10-02 10:56:33', 'order_approved_at': '2017-10-02 11:07:15', 'order_delivered_carrier_date': '2017-10-04 19:55:00', 'order_delivered_customer_date': '2017-10-10 21:25:13', 'order_estimated_delivery_date': '2017-10-18 00:00:00', 'payments': {'_id': ObjectId('6aabbf38b85471bfb9c08a3b'), 'order_id': 'e481f51cbdc54678b7cc49136f2d6af7', 'payment_sequential': 2, 'payment_type': 'voucher', 'payment_installments': 1, 'payment_value': 18.59}}
{'_id': ObjectId('6aabbf3c342e44e218e028e8'), 'order_id': '53cdb2fc8bc7dce0b6741e2150273451', 'customer_id': 'b0830fb4747a6c6d20dea0b8c802d7ef', 'order_status': 'delivered', 'order_purchase_timestamp': '2018-07-24 20:41:37', 'order_approved_at': '2018-07-26 03:24:27', 'order_delivered_carrier_date': '2018-07-26 14:31:00', 'order_delivered_customer_date': '2018-08-07 15:27:45', 'order_estimated_delivery_date': '2018-08-13 00:00:00', 'payments': {'_id': ObjectId('6aabbf37b85471bfb9bf4425'), 'order_id': '53cdb2fc8bc7dce0b6741e2150273451', 'payment_sequential': 1, 'payment_type': 'boleto', 'payment_installments': 1, 'payment_value': 141.46}}
{'_id': ObjectId('6aabbf3c342e44e218e028e9'), 'order_id': '47770eb9100c2d0c44946d9cf07ec65d', 'customer_id': '41ce2a54c0b03bf3443c3d931a367089', 'order_status': 'delivered', 'order_purchase_timestamp': '2018-08-08 08:38:49', 'order_approved_at': '2018-08-08 08:55:23', 'order_delivered_carrier_date': '2018-08-08 13:50:00', 'order_delivered_customer_date': '2018-08-17 18:06:29', 'order_estimated_delivery_date': '2018-09-04 00:00:00', 'payments': {'_id': ObjectId('6aabbf38b85471bfb9bf51e9'), 'order_id': '47770eb9100c2d0c44946d9cf07ec65d', 'payment_sequential': 1, 'payment_type': 'credit_card', 'payment_installments': 3, 'payment_value': 179.12}}
{'_id': ObjectId('6aabbf49342e44e218e1beb3'), 'order_id': 'e481f51cbdc54678b7cc49136f2d6af7', 'customer_id': '9ef432eb6251297304e76186b10a928d', 'order_status': 'delivered', 'order_purchase_timestamp': '2017-10-02 10:56:33', 'order_approved_at': '2017-10-02 11:07:15', 'order_delivered_carrier_date': '2017-10-04 19:55:00', 'order_delivered_customer_date': '2017-10-10 21:25:13', 'order_estimated_delivery_date': '2017-10-18 00:00:00', 'payments': {'_id': ObjectId('6aabbf38b85471bfb9bf5053'), 'order_id': 'e481f51cbdc54678b7cc49136f2d6af7', 'payment_sequential': 1, 'payment_type': 'credit_card', 'payment_installments': 1, 'payment_value': 18.12}, 'items': {'_id': ObjectId('6aabbf46b85471bfb9c245c0'), 'order_id': 'e481f51cbdc54678b7cc49136f2d6af7', 'order_item_id': 1, 'product_id': '87285b34884572647811a353c7ac498a', 'seller_id': '3504c0cb71d7fa48d967e0e4c94d59d9', 'shipping_limit_date': '2017-10-06 11:07:15', 'price': 29.99, 'freight_value': 8.72}}
{'_id': ObjectId('6aabbf49342e44e218e1beb4'), 'order_id': 'e481f51cbdc54678b7cc49136f2d6af7', 'customer_id': '9ef432eb6251297304e76186b10a928d', 'order_status': 'delivered', 'order_purchase_timestamp': '2017-10-02 10:56:33', 'order_approved_at': '2017-10-02 11:07:15', 'order_delivered_carrier_date': '2017-10-04 19:55:00', 'order_delivered_customer_date': '2017-10-10 21:25:13', 'order_estimated_delivery_date': '2017-10-18 00:00:00', 'payments': {'_id': ObjectId('6aabbf38b85471bfb9bfd317'), 'order_id': 'e481f51cbdc54678b7cc49136f2d6af7', 'payment_sequential': 3, 'payment_type': 'voucher', 'payment_installments': 1, 'payment_value': 2.0}, 'items': {'_id': ObjectId('6aabbf46b85471bfb9c245c0'), 'order_id': 'e481f51cbdc54678b7cc49136f2d6af7', 'order_item_id': 1, 'product_id': '87285b34884572647811a353c7ac498a', 'seller_id': '3504c0cb71d7fa48d967e0e4c94d59d9', 'shipping_limit_date': '2017-10-06 11:07:15', 'price': 29.99, 'freight_value': 8.72}}
{'_id': ObjectId('6aabbf49342e44e218e1beb5'), 'order_id': 'e481f51cbdc54678b7cc49136f2d6af7', 'customer_id': '9ef432eb6251297304e76186b10a928d', 'order_status': 'delivered', 'order_purchase_timestamp': '2017-10-02 10:56:33', 'order_approved_at': '2017-10-02 11:07:15', 'order_delivered_carrier_date': '2017-10-04 19:55:00', 'order_delivered_customer_date': '2017-10-10 21:25:13', 'order_estimated_delivery_date': '2017-10-18 00:00:00', 'payments': {'_id': ObjectId('6aabbf38b85471bfb9c08a3b'), 'order_id': 'e481f51cbdc54678b7cc49136f2d6af7', 'payment_sequential': 2, 'payment_type': 'voucher', 'payment_installments': 1, 'payment_value': 18.59}, 'items': {'_id': ObjectId('6aabbf46b85471bfb9c245c0'), 'order_id': 'e481f51cbdc54678b7cc49136f2d6af7', 'order_item_id': 1, 'product_id': '87285b34884572647811a353c7ac498a', 'seller_id': '3504c0cb71d7fa48d967e0e4c94d59d9', 'shipping_limit_date': '2017-10-06 11:07:15', 'price': 29.99, 'freight_value': 8.72}}
{'_id': ObjectId('6aabbf49342e44e218e1beb6'), 'order_id': '53cdb2fc8bc7dce0b6741e2150273451', 'customer_id': 'b0830fb4747a6c6d20dea0b8c802d7ef', 'order_status': 'delivered', 'order_purchase_timestamp': '2018-07-24 20:41:37', 'order_approved_at': '2018-07-26 03:24:27', 'order_delivered_carrier_date': '2018-07-26 14:31:00', 'order_delivered_customer_date': '2018-08-07 15:27:45', 'order_estimated_delivery_date': '2018-08-13 00:00:00', 'payments': {'_id': ObjectId('6aabbf37b85471bfb9bf4425'), 'order_id': '53cdb2fc8bc7dce0b6741e2150273451', 'payment_sequential': 1, 'payment_type': 'boleto', 'payment_installments': 1, 'payment_value': 141.46}, 'items': {'_id': ObjectId('6aabbf46b85471bfb9c14c2f'), 'order_id': '53cdb2fc8bc7dce0b6741e2150273451', 'order_item_id': 1, 'product_id': '595fac2a385ac33a80bd5114aec74eb8', 'seller_id': '289cdb325fb7e7f891c38608bf9e0962', 'shipping_limit_date': '2018-07-30 03:24:27', 'price': 118.7, 'freight_value': 22.76}}
{'_id': ObjectId('6aabbf49342e44e218e1beb7'), 'order_id': '47770eb9100c2d0c44946d9cf07ec65d', 'customer_id': '41ce2a54c0b03bf3443c3d931a367089', 'order_status': 'delivered', 'order_purchase_timestamp': '2018-08-08 08:38:49', 'order_approved_at': '2018-08-08 08:55:23', 'order_delivered_carrier_date': '2018-08-08 13:50:00', 'order_delivered_customer_date': '2018-08-17 18:06:29', 'order_estimated_delivery_date': '2018-09-04 00:00:00', 'payments': {'_id': ObjectId('6aabbf38b85471bfb9bf51e9'), 'order_id': '47770eb9100c2d0c44946d9cf07ec65d', 'payment_sequential': 1, 'payment_type': 'credit_card', 'payment_installments': 3, 'payment_value': 179.12}, 'items': {'_id': ObjectId('6aabbf46b85471bfb9c1371f'), 'order_id': '47770eb9100c2d0c44946d9cf07ec65d', 'order_item_id': 1, 'product_id': 'aa4383b373c6aca5d8797843e5594415', 'seller_id': '4869f7a5dfa277a7dca6462dcf3b52b2', 'shipping_limit_date': '2018-08-13 08:55:23', 'price': 159.9, 'freight_value': 19.22}}
{'_id': ObjectId('6aabbf57342e44e218e38a14'), 'order_id': 'e481f51cbdc54678b7cc49136f2d6af7', 'customer_id': '9ef432eb6251297304e76186b10a928d', 'order_status': 'delivered', 'order_purchase_timestamp': '2017-10-02 10:56:33', 'order_approved_at': '2017-10-02 11:07:15', 'order_delivered_carrier_date': '2017-10-04 19:55:00', 'order_delivered_customer_date': '2017-10-10 21:25:13', 'order_estimated_delivery_date': '2017-10-18 00:00:00', 'payments': {'_id': ObjectId('6aabbf38b85471bfb9bf5053'), 'order_id': 'e481f51cbdc54678b7cc49136f2d6af7', 'payment_sequential': 1, 'payment_type': 'credit_card', 'payment_installments': 1, 'payment_value': 18.12}, 'items': {'_id': ObjectId('6aabbf46b85471bfb9c245c0'), 'order_id': 'e481f51cbdc54678b7cc49136f2d6af7', 'order_item_id': 1, 'product_id': '87285b34884572647811a353c7ac498a', 'seller_id': '3504c0cb71d7fa48d967e0e4c94d59d9', 'shipping_limit_date': '2017-10-06 11:07:15', 'price': 29.99, 'freight_value': 8.72}, 'reviews': {'_id': ObjectId('6aabbf54b85471bfb9c2f42f'), 'review_id': 'a54f0611adc9ed256b57ede6b6eb5114', 'order_id': 'e481f51cbdc54678b7cc49136f2d6af7', 'review_score': 4, 'review_comment_title': nan, 'review_comment_message': 'Não testei o produto ainda, mas ele veio correto e em boas condições. Apenas a caixa que veio bem amassada e danificada, o que ficará chato, pois se trata de um presente.', 'review_creation_date': '2017-10-11 00:00:00', 'review_answer_timestamp': '2017-10-12 03:43:48'}}
{'_id': ObjectId('6aabbf57342e44e218e38a15'), 'order_id': 'e481f51cbdc54678b7cc49136f2d6af7', 'customer_id': '9ef432eb6251297304e76186b10a928d', 'order_status': 'delivered', 'order_purchase_timestamp': '2017-10-02 10:56:33', 'order_approved_at': '2017-10-02 11:07:15', 'order_delivered_carrier_date': '2017-10-04 19:55:00', 'order_delivered_customer_date': '2017-10-10 21:25:13', 'order_estimated_delivery_date': '2017-10-18 00:00:00', 'payments': {'_id': ObjectId('6aabbf38b85471bfb9bfd317'), 'order_id': 'e481f51cbdc54678b7cc49136f2d6af7', 'payment_sequential': 3, 'payment_type': 'voucher', 'payment_installments': 1, 'payment_value': 2.0}, 'items': {'_id': ObjectId('6aabbf46b85471bfb9c245c0'), 'order_id': 'e481f51cbdc54678b7cc49136f2d6af7', 'order_item_id': 1, 'product_id': '87285b34884572647811a353c7ac498a', 'seller_id': '3504c0cb71d7fa48d967e0e4c94d59d9', 'shipping_limit_date': '2017-10-06 11:07:15', 'price': 29.99, 'freight_value': 8.72}, 'reviews': {'_id': ObjectId('6aabbf54b85471bfb9c2f42f'), 'review_id': 'a54f0611adc9ed256b57ede6b6eb5114', 'order_id': 'e481f51cbdc54678b7cc49136f2d6af7', 'review_score': 4, 'review_comment_title': nan, 'review_comment_message': 'Não testei o produto ainda, mas ele veio correto e em boas condições. Apenas a caixa que veio bem amassada e danificada, o que ficará chato, pois se trata de um presente.', 'review_creation_date': '2017-10-11 00:00:00', 'review_answer_timestamp': '2017-10-12 03:43:48'}}
{'_id': ObjectId('6aabbf57342e44e218e38a16'), 'order_id': 'e481f51cbdc54678b7cc49136f2d6af7', 'customer_id': '9ef432eb6251297304e76186b10a928d', 'order_status': 'delivered', 'order_purchase_timestamp': '2017-10-02 10:56:33', 'order_approved_at': '2017-10-02 11:07:15', 'order_delivered_carrier_date': '2017-10-04 19:55:00', 'order_delivered_customer_date': '2017-10-10 21:25:13', 'order_estimated_delivery_date': '2017-10-18 00:00:00', 'payments': {'_id': ObjectId('6aabbf38b85471bfb9c08a3b'), 'order_id': 'e481f51cbdc54678b7cc49136f2d6af7', 'payment_sequential': 2, 'payment_type': 'voucher', 'payment_installments': 1, 'payment_value': 18.59}, 'items': {'_id': ObjectId('6aabbf46b85471bfb9c245c0'), 'order_id': 'e481f51cbdc54678b7cc49136f2d6af7', 'order_item_id': 1, 'product_id': '87285b34884572647811a353c7ac498a', 'seller_id': '3504c0cb71d7fa48d967e0e4c94d59d9', 'shipping_limit_date': '2017-10-06 11:07:15', 'price': 29.99, 'freight_value': 8.72}, 'reviews': {'_id': ObjectId('6aabbf54b85471bfb9c2f42f'), 'review_id': 'a54f0611adc9ed256b57ede6b6eb5114', 'order_id': 'e481f51cbdc54678b7cc49136f2d6af7', 'review_score': 4, 'review_comment_title': nan, 'review_comment_message': 'Não testei o produto ainda, mas ele veio correto e em boas condições. Apenas a caixa que veio bem amassada e danificada, o que ficará chato, pois se trata de um presente.', 'review_creation_date': '2017-10-11 00:00:00', 'review_answer_timestamp': '2017-10-12 03:43:48'}}
{'_id': ObjectId('6aabbf57342e44e218e38a17'), 'order_id': '53cdb2fc8bc7dce0b6741e2150273451', 'customer_id': 'b0830fb4747a6c6d20dea0b8c802d7ef', 'order_status': 'delivered', 'order_purchase_timestamp': '2018-07-24 20:41:37', 'order_approved_at': '2018-07-26 03:24:27', 'order_delivered_carrier_date': '2018-07-26 14:31:00', 'order_delivered_customer_date': '2018-08-07 15:27:45', 'order_estimated_delivery_date': '2018-08-13 00:00:00', 'payments': {'_id': ObjectId('6aabbf37b85471bfb9bf4425'), 'order_id': '53cdb2fc8bc7dce0b6741e2150273451', 'payment_sequential': 1, 'payment_type': 'boleto', 'payment_installments': 1, 'payment_value': 141.46}, 'items': {'_id': ObjectId('6aabbf46b85471bfb9c14c2f'), 'order_id': '53cdb2fc8bc7dce0b6741e2150273451', 'order_item_id': 1, 'product_id': '595fac2a385ac33a80bd5114aec74eb8', 'seller_id': '289cdb325fb7e7f891c38608bf9e0962', 'shipping_limit_date': '2018-07-30 03:24:27', 'price': 118.7, 'freight_value': 22.76}, 'reviews': {'_id': ObjectId('6aabbf54b85471bfb9c2e5ff'), 'review_id': '8d5266042046a06655c8db133d120ba5', 'order_id': '53cdb2fc8bc7dce0b6741e2150273451', 'review_score': 4, 'review_comment_title': 'Muito boa a loja', 'review_comment_message': 'Muito bom o produto.', 'review_creation_date': '2018-08-08 00:00:00', 'review_answer_timestamp': '2018-08-08 18:37:50'}}
{'_id': ObjectId('6aabbf57342e44e218e38a18'), 'order_id': '47770eb9100c2d0c44946d9cf07ec65d', 'customer_id': '41ce2a54c0b03bf3443c3d931a367089', 'order_status': 'delivered', 'order_purchase_timestamp': '2018-08-08 08:38:49', 'order_approved_at': '2018-08-08 08:55:23', 'order_delivered_carrier_date': '2018-08-08 13:50:00', 'order_delivered_customer_date': '2018-08-17 18:06:29', 'order_estimated_delivery_date': '2018-09-04 00:00:00', 'payments': {'_id': ObjectId('6aabbf38b85471bfb9bf51e9'), 'order_id': '47770eb9100c2d0c44946d9cf07ec65d', 'payment_sequential': 1, 'payment_type': 'credit_card', 'payment_installments': 3, 'payment_value': 179.12}, 'items': {'_id': ObjectId('6aabbf46b85471bfb9c1371f'), 'order_id': '47770eb9100c2d0c44946d9cf07ec65d', 'order_item_id': 1, 'product_id': 'aa4383b373c6aca5d8797843e5594415', 'seller_id': '4869f7a5dfa277a7dca6462dcf3b52b2', 'shipping_limit_date': '2018-08-13 08:55:23', 'price': 159.9, 'freight_value': 19.22}, 'reviews': {'_id': ObjectId('6aabbf54b85471bfb9c284fc'), 'review_id': 'e73b67b67587f7644d5bd1a52deb1b01', 'order_id': '47770eb9100c2d0c44946d9cf07ec65d', 'review_score': 5, 'review_comment_title': nan, 'review_comment_message': nan, 'review_creation_date': '2018-08-18 00:00:00', 'review_answer_timestamp': '2018-08-22 19:07:58'}}
{'_id': ObjectId('6aabde4a342e44e218e55465'), 'order_id': 'e481f51cbdc54678b7cc49136f2d6af7', 'customer_id': '9ef432eb6251297304e76186b10a928d', 'order_status': 'delivered', 'order_purchase_timestamp': '2017-10-02 10:56:33', 'order_approved_at': '2017-10-02 11:07:15', 'order_delivered_carrier_date': '2017-10-04 19:55:00', 'order_delivered_customer_date': '2017-10-10 21:25:13', 'order_estimated_delivery_date': '2017-10-18 00:00:00', 'payments': {'_id': ObjectId('6aabbf38b85471bfb9bf5053'), 'order_id': 'e481f51cbdc54678b7cc49136f2d6af7', 'payment_sequential': 1, 'payment_type': 'credit_card', 'payment_installments': 1, 'payment_value': 18.12}, 'items': {'_id': ObjectId('6aabbf46b85471bfb9c245c0'), 'order_id': 'e481f51cbdc54678b7cc49136f2d6af7', 'order_item_id': 1, 'product_id': '87285b34884572647811a353c7ac498a', 'seller_id': '3504c0cb71d7fa48d967e0e4c94d59d9', 'shipping_limit_date': '2017-10-06 11:07:15', 'price': 29.99, 'freight_value': 8.72}, 'reviews': {'_id': ObjectId('6aabbf54b85471bfb9c2f42f'), 'review_id': 'a54f0611adc9ed256b57ede6b6eb5114', 'order_id': 'e481f51cbdc54678b7cc49136f2d6af7', 'review_score': 4, 'review_comment_title': nan, 'review_comment_message': 'Não testei o produto ainda, mas ele veio correto e em boas condições. Apenas a caixa que veio bem amassada e danificada, o que ficará chato, pois se trata de um presente.', 'review_creation_date': '2017-10-11 00:00:00', 'review_answer_timestamp': '2017-10-12 03:43:48'}, 'order_to_customer': {'customer_id': '9ef432eb6251297304e76186b10a928d', 'customer_unique_id': '7c396fd4830fd04220f754e42b4e5bff', 'customer_zip_code_prefix': 3149, 'customer_city': 'sao paulo', 'customer_state': 'SP'}}
{'_id': ObjectId('6aabde4a342e44e218e55466'), 'order_id': 'e481f51cbdc54678b7cc49136f2d6af7', 'customer_id': '9ef432eb6251297304e76186b10a928d', 'order_status': 'delivered', 'order_purchase_timestamp': '2017-10-02 10:56:33', 'order_approved_at': '2017-10-02 11:07:15', 'order_delivered_carrier_date': '2017-10-04 19:55:00', 'order_delivered_customer_date': '2017-10-10 21:25:13', 'order_estimated_delivery_date': '2017-10-18 00:00:00', 'payments': {'_id': ObjectId('6aabbf38b85471bfb9bfd317'), 'order_id': 'e481f51cbdc54678b7cc49136f2d6af7', 'payment_sequential': 3, 'payment_type': 'voucher', 'payment_installments': 1, 'payment_value': 2.0}, 'items': {'_id': ObjectId('6aabbf46b85471bfb9c245c0'), 'order_id': 'e481f51cbdc54678b7cc49136f2d6af7', 'order_item_id': 1, 'product_id': '87285b34884572647811a353c7ac498a', 'seller_id': '3504c0cb71d7fa48d967e0e4c94d59d9', 'shipping_limit_date': '2017-10-06 11:07:15', 'price': 29.99, 'freight_value': 8.72}, 'reviews': {'_id': ObjectId('6aabbf54b85471bfb9c2f42f'), 'review_id': 'a54f0611adc9ed256b57ede6b6eb5114', 'order_id': 'e481f51cbdc54678b7cc49136f2d6af7', 'review_score': 4, 'review_comment_title': nan, 'review_comment_message': 'Não testei o produto ainda, mas ele veio correto e em boas condições. Apenas a caixa que veio bem amassada e danificada, o que ficará chato, pois se trata de um presente.', 'review_creation_date': '2017-10-11 00:00:00', 'review_answer_timestamp': '2017-10-12 03:43:48'}, 'order_to_customer': {'customer_id': '9ef432eb6251297304e76186b10a928d', 'customer_unique_id': '7c396fd4830fd04220f754e42b4e5bff', 'customer_zip_code_prefix': 3149, 'customer_city': 'sao paulo', 'customer_state': 'SP'}}
{'_id': ObjectId('6aabde4a342e44e218e55467'), 'order_id': 'e481f51cbdc54678b7cc49136f2d6af7', 'customer_id': '9ef432eb6251297304e76186b10a928d', 'order_status': 'delivered', 'order_purchase_timestamp': '2017-10-02 10:56:33', 'order_approved_at': '2017-10-02 11:07:15', 'order_delivered_carrier_date': '2017-10-04 19:55:00', 'order_delivered_customer_date': '2017-10-10 21:25:13', 'order_estimated_delivery_date': '2017-10-18 00:00:00', 'payments': {'_id': ObjectId('6aabbf38b85471bfb9c08a3b'), 'order_id': 'e481f51cbdc54678b7cc49136f2d6af7', 'payment_sequential': 2, 'payment_type': 'voucher', 'payment_installments': 1, 'payment_value': 18.59}, 'items': {'_id': ObjectId('6aabbf46b85471bfb9c245c0'), 'order_id': 'e481f51cbdc54678b7cc49136f2d6af7', 'order_item_id': 1, 'product_id': '87285b34884572647811a353c7ac498a', 'seller_id': '3504c0cb71d7fa48d967e0e4c94d59d9', 'shipping_limit_date': '2017-10-06 11:07:15', 'price': 29.99, 'freight_value': 8.72}, 'reviews': {'_id': ObjectId('6aabbf54b85471bfb9c2f42f'), 'review_id': 'a54f0611adc9ed256b57ede6b6eb5114', 'order_id': 'e481f51cbdc54678b7cc49136f2d6af7', 'review_score': 4, 'review_comment_title': nan, 'review_comment_message': 'Não testei o produto ainda, mas ele veio correto e em boas condições. Apenas a caixa que veio bem amassada e danificada, o que ficará chato, pois se trata de um presente.', 'review_creation_date': '2017-10-11 00:00:00', 'review_answer_timestamp': '2017-10-12 03:43:48'}, 'order_to_customer': {'customer_id': '9ef432eb6251297304e76186b10a928d', 'customer_unique_id': '7c396fd4830fd04220f754e42b4e5bff', 'customer_zip_code_prefix': 3149, 'customer_city': 'sao paulo', 'customer_state': 'SP'}}
{'_id': ObjectId('6aabde4a342e44e218e55468'), 'order_id': '53cdb2fc8bc7dce0b6741e2150273451', 'customer_id': 'b0830fb4747a6c6d20dea0b8c802d7ef', 'order_status': 'delivered', 'order_purchase_timestamp': '2018-07-24 20:41:37', 'order_approved_at': '2018-07-26 03:24:27', 'order_delivered_carrier_date': '2018-07-26 14:31:00', 'order_delivered_customer_date': '2018-08-07 15:27:45', 'order_estimated_delivery_date': '2018-08-13 00:00:00', 'payments': {'_id': ObjectId('6aabbf37b85471bfb9bf4425'), 'order_id': '53cdb2fc8bc7dce0b6741e2150273451', 'payment_sequential': 1, 'payment_type': 'boleto', 'payment_installments': 1, 'payment_value': 141.46}, 'items': {'_id': ObjectId('6aabbf46b85471bfb9c14c2f'), 'order_id': '53cdb2fc8bc7dce0b6741e2150273451', 'order_item_id': 1, 'product_id': '595fac2a385ac33a80bd5114aec74eb8', 'seller_id': '289cdb325fb7e7f891c38608bf9e0962', 'shipping_limit_date': '2018-07-30 03:24:27', 'price': 118.7, 'freight_value': 22.76}, 'reviews': {'_id': ObjectId('6aabbf54b85471bfb9c2e5ff'), 'review_id': '8d5266042046a06655c8db133d120ba5', 'order_id': '53cdb2fc8bc7dce0b6741e2150273451', 'review_score': 4, 'review_comment_title': 'Muito boa a loja', 'review_comment_message': 'Muito bom o produto.', 'review_creation_date': '2018-08-08 00:00:00', 'review_answer_timestamp': '2018-08-08 18:37:50'}, 'order_to_customer': {'customer_id': 'b0830fb4747a6c6d20dea0b8c802d7ef', 'customer_unique_id': 'af07308b275d755c9edb36a90c618231', 'customer_zip_code_prefix': 47813, 'customer_city': 'barreiras', 'customer_state': 'BA'}}
{'_id': ObjectId('6aabde4a342e44e218e55469'), 'order_id': '47770eb9100c2d0c44946d9cf07ec65d', 'customer_id': '41ce2a54c0b03bf3443c3d931a367089', 'order_status': 'delivered', 'order_purchase_timestamp': '2018-08-08 08:38:49', 'order_approved_at': '2018-08-08 08:55:23', 'order_delivered_carrier_date': '2018-08-08 13:50:00', 'order_delivered_customer_date': '2018-08-17 18:06:29', 'order_estimated_delivery_date': '2018-09-04 00:00:00', 'payments': {'_id': ObjectId('6aabbf38b85471bfb9bf51e9'), 'order_id': '47770eb9100c2d0c44946d9cf07ec65d', 'payment_sequential': 1, 'payment_type': 'credit_card', 'payment_installments': 3, 'payment_value': 179.12}, 'items': {'_id': ObjectId('6aabbf46b85471bfb9c1371f'), 'order_id': '47770eb9100c2d0c44946d9cf07ec65d', 'order_item_id': 1, 'product_id': 'aa4383b373c6aca5d8797843e5594415', 'seller_id': '4869f7a5dfa277a7dca6462dcf3b52b2', 'shipping_limit_date': '2018-08-13 08:55:23', 'price': 159.9, 'freight_value': 19.22}, 'reviews': {'_id': ObjectId('6aabbf54b85471bfb9c284fc'), 'review_id': 'e73b67b67587f7644d5bd1a52deb1b01', 'order_id': '47770eb9100c2d0c44946d9cf07ec65d', 'review_score': 5, 'review_comment_title': nan, 'review_comment_message': nan, 'review_creation_date': '2018-08-18 00:00:00', 'review_answer_timestamp': '2018-08-22 19:07:58'}, 'order_to_customer': {'customer_id': '41ce2a54c0b03bf3443c3d931a367089', 'customer_unique_id': '3a653a41f6f9fc3d2a113cf8398680e8', 'customer_zip_code_prefix': 75265, 'customer_city': 'vianopolis', 'customer_state': 'GO'}}
c:\Users\Utilisateur\Desktop\liste_depots\projet_groupe_mongodb\src
c:\Users\Utilisateur\Desktop\liste_depots\projet_groupe_mongodb
c:\Users\Utilisateur\Desktop\liste_depots\projet_groupe_mongodb\data

============================================================
FILE: olist_customers_dataset.csv
============================================================
Shape: (99441, 5)

Columns:
['customer_id', 'customer_unique_id', 'customer_zip_code_prefix', 'customer_city', 'customer_state']

Data types:
customer_id                   str
customer_unique_id            str
customer_zip_code_prefix    int64
customer_city                 str
customer_state                str
dtype: object

Missing values:
customer_id                 0
customer_unique_id          0
customer_zip_code_prefix    0
customer_city               0
customer_state              0
dtype: int64

First 5 rows:
                        customer_id                customer_unique_id  \
0  06b8999e2fba1a1fbc88172c00ba8bc7  861eff4711a542e4b93843c6dd7febb0   
1  18955e83d337fd6b2def6b18a428ac77  290c77bc529b7ac935b93aa66c333dc3   
2  4e7b3e00288586ebd08712fdd0374a03  060e732b5b29e8181a18229c7b0b2b5e   
3  b2b6027bc5c5109e529d4dc6358b12c3  259dac757896d24d7702b9acbbff3f3c   
4  4f2d8ab171c80ec8364f7c12e35b23ad  345ecd01c38d18a9036ed96c73b8d066   

   customer_zip_code_prefix          customer_city customer_state  
0                     14409                 franca             SP  
1                      9790  sao bernardo do campo             SP  
2                      1151              sao paulo             SP  
3                      8775        mogi das cruzes             SP  
4                     13056               campinas             SP  

Numeric statistics:
       customer_zip_code_prefix
count              99441.000000
mean               35137.474583
std                29797.938996
min                 1003.000000
25%                11347.000000
50%                24416.000000
75%                58900.000000
max                99990.000000

--- Duplicates ---
Duplicate rows: 0
customer_id: 0 duplicate values
customer_unique_id: 3,345 duplicate values
customer_zip_code_prefix: 84,447 duplicate values
customer_city: 95,322 duplicate values
customer_state: 99,414 duplicate values

============================================================
FILE: olist_geolocation_dataset.csv
============================================================
Shape: (1000163, 5)

Columns:
['geolocation_zip_code_prefix', 'geolocation_lat', 'geolocation_lng', 'geolocation_city', 'geolocation_state']

Data types:
geolocation_zip_code_prefix      int64
geolocation_lat                float64
geolocation_lng                float64
geolocation_city                   str
geolocation_state                  str
dtype: object

Missing values:
geolocation_zip_code_prefix    0
geolocation_lat                0
geolocation_lng                0
geolocation_city               0
geolocation_state              0
dtype: int64

First 5 rows:
   geolocation_zip_code_prefix  geolocation_lat  geolocation_lng  \
0                         1037       -23.545621       -46.639292   
1                         1046       -23.546081       -46.644820   
2                         1046       -23.546129       -46.642951   
3                         1041       -23.544392       -46.639499   
4                         1035       -23.541578       -46.641607   

  geolocation_city geolocation_state  
0        sao paulo                SP  
1        sao paulo                SP  
2        sao paulo                SP  
3        sao paulo                SP  
4        sao paulo                SP  

Numeric statistics:
       geolocation_zip_code_prefix  geolocation_lat  geolocation_lng
count                 1.000163e+06     1.000163e+06     1.000163e+06
mean                  3.657417e+04    -2.117615e+01    -4.639054e+01
std                   3.054934e+04     5.715866e+00     4.269748e+00
min                   1.001000e+03    -3.660537e+01    -1.014668e+02
25%                   1.107500e+04    -2.360355e+01    -4.857317e+01
50%                   2.653000e+04    -2.291938e+01    -4.663788e+01
75%                   6.350400e+04    -1.997962e+01    -4.376771e+01
max                   9.999000e+04     4.506593e+01     1.211054e+02

--- Duplicates ---
Duplicate rows: 261,831
geolocation_zip_code_prefix: 981,148 duplicate values
geolocation_lat: 282,803 duplicate values
geolocation_lng: 282,550 duplicate values
geolocation_city: 992,152 duplicate values
geolocation_state: 1,000,136 duplicate values

============================================================
FILE: olist_orders_dataset.csv
============================================================
Shape: (99441, 8)

Columns:
['order_id', 'customer_id', 'order_status', 'order_purchase_timestamp', 'order_approved_at', 'order_delivered_carrier_date', 'order_delivered_customer_date', 'order_estimated_delivery_date']

Data types:
order_id                         str
customer_id                      str
order_status                     str
order_purchase_timestamp         str
order_approved_at                str
order_delivered_carrier_date     str
order_delivered_customer_date    str
order_estimated_delivery_date    str
dtype: object

Missing values:
order_id                            0
customer_id                         0
order_status                        0
order_purchase_timestamp            0
order_approved_at                 160
order_delivered_carrier_date     1783
order_delivered_customer_date    2965
order_estimated_delivery_date       0
dtype: int64

First 5 rows:
                           order_id                       customer_id  \
0  e481f51cbdc54678b7cc49136f2d6af7  9ef432eb6251297304e76186b10a928d   
1  53cdb2fc8bc7dce0b6741e2150273451  b0830fb4747a6c6d20dea0b8c802d7ef   
2  47770eb9100c2d0c44946d9cf07ec65d  41ce2a54c0b03bf3443c3d931a367089   
3  949d5b44dbf5de918fe9c16f97b45f8a  f88197465ea7920adcdbec7375364d82   
4  ad21c59c0840e6cb83a9ceb5573f8159  8ab97904e6daea8866dbdbc4fb7aad2c   

  order_status order_purchase_timestamp    order_approved_at  \
0    delivered      2017-10-02 10:56:33  2017-10-02 11:07:15   
1    delivered      2018-07-24 20:41:37  2018-07-26 03:24:27   
2    delivered      2018-08-08 08:38:49  2018-08-08 08:55:23   
3    delivered      2017-11-18 19:28:06  2017-11-18 19:45:59   
4    delivered      2018-02-13 21:18:39  2018-02-13 22:20:29   

  order_delivered_carrier_date order_delivered_customer_date  \
0          2017-10-04 19:55:00           2017-10-10 21:25:13   
1          2018-07-26 14:31:00           2018-08-07 15:27:45   
2          2018-08-08 13:50:00           2018-08-17 18:06:29   
3          2017-11-22 13:39:59           2017-12-02 00:28:42   
4          2018-02-14 19:46:34           2018-02-16 18:17:02   

  order_estimated_delivery_date  
0           2017-10-18 00:00:00  
1           2018-08-13 00:00:00  
2           2018-09-04 00:00:00  
3           2017-12-15 00:00:00  
4           2018-02-26 00:00:00  

Numeric statistics:
                                order_id                       customer_id  \
count                              99441                             99441   
unique                             99441                             99441   
top     e481f51cbdc54678b7cc49136f2d6af7  9ef432eb6251297304e76186b10a928d   
freq                                   1                                 1   

       order_status order_purchase_timestamp    order_approved_at  \
count         99441                    99441                99281   
unique            8                    98875                90733   
top       delivered      2018-03-31 15:08:21  2018-02-27 04:31:10   
freq          96478                        3                    9   

       order_delivered_carrier_date order_delivered_customer_date  \
count                         97658                         96476   
unique                        81018                         95664   
top             2018-05-09 15:48:00           2018-05-14 20:02:44   
freq                             47                             3   

       order_estimated_delivery_date  
count                          99441  
unique                           459  
top              2017-12-20 00:00:00  
freq                             522  

--- Duplicates ---
Duplicate rows: 0
order_id: 0 duplicate values
customer_id: 0 duplicate values
order_status: 99,433 duplicate values
order_purchase_timestamp: 566 duplicate values
order_approved_at: 8,707 duplicate values
order_delivered_carrier_date: 18,422 duplicate values
order_delivered_customer_date: 3,776 duplicate values
order_estimated_delivery_date: 98,982 duplicate values

============================================================
FILE: olist_order_items_dataset.csv
============================================================
Shape: (112650, 7)

Columns:
['order_id', 'order_item_id', 'product_id', 'seller_id', 'shipping_limit_date', 'price', 'freight_value']

Data types:
order_id                   str
order_item_id            int64
product_id                 str
seller_id                  str
shipping_limit_date        str
price                  float64
freight_value          float64
dtype: object

Missing values:
order_id               0
order_item_id          0
product_id             0
seller_id              0
shipping_limit_date    0
price                  0
freight_value          0
dtype: int64

First 5 rows:
                           order_id  order_item_id  \
0  00010242fe8c5a6d1ba2dd792cb16214              1   
1  00018f77f2f0320c557190d7a144bdd3              1   
2  000229ec398224ef6ca0657da4fc703e              1   
3  00024acbcdf0a6daa1e931b038114c75              1   
4  00042b26cf59d7ce69dfabb4e55b4fd9              1   

                         product_id                         seller_id  \
0  4244733e06e7ecb4970a6e2683c13e61  48436dade18ac8b2bce089ec2a041202   
1  e5f2d52b802189ee658865ca93d83a8f  dd7ddc04e1b6c2c614352b383efe2d36   
2  c777355d18b72b67abbeef9df44fd0fd  5b51032eddd242adc84c38acab88f23d   
3  7634da152a4610f1595efa32f14722fc  9d7a1d34a5052409006425275ba1c2b4   
4  ac6c3623068f30de03045865e4e10089  df560393f3a51e74553ab94004ba5c87   

   shipping_limit_date   price  freight_value  
0  2017-09-19 09:45:35   58.90          13.29  
1  2017-05-03 11:05:13  239.90          19.93  
2  2018-01-18 14:48:30  199.00          17.87  
3  2018-08-15 10:10:18   12.99          12.79  
4  2017-02-13 13:57:51  199.90          18.14  

Numeric statistics:
       order_item_id          price  freight_value
count  112650.000000  112650.000000  112650.000000
mean        1.197834     120.653739      19.990320
std         0.705124     183.633928      15.806405
min         1.000000       0.850000       0.000000
25%         1.000000      39.900000      13.080000
50%         1.000000      74.990000      16.260000
75%         1.000000     134.900000      21.150000
max        21.000000    6735.000000     409.680000

--- Duplicates ---
Duplicate rows: 0
order_id: 13,984 duplicate values
order_item_id: 112,629 duplicate values
product_id: 79,699 duplicate values
seller_id: 109,555 duplicate values
shipping_limit_date: 19,332 duplicate values
price: 106,682 duplicate values
freight_value: 105,651 duplicate values

============================================================
FILE: olist_order_payments_dataset.csv
============================================================
Shape: (103886, 5)

Columns:
['order_id', 'payment_sequential', 'payment_type', 'payment_installments', 'payment_value']

Data types:
order_id                    str
payment_sequential        int64
payment_type                str
payment_installments      int64
payment_value           float64
dtype: object

Missing values:
order_id                0
payment_sequential      0
payment_type            0
payment_installments    0
payment_value           0
dtype: int64

First 5 rows:
                           order_id  payment_sequential payment_type  \
0  b81ef226f3fe1789b1e8b2acac839d17                   1  credit_card   
1  a9810da82917af2d9aefd1278f1dcfa0                   1  credit_card   
2  25e8ea4e93396b6fa0d3dd708e76c1bd                   1  credit_card   
3  ba78997921bbcdc1373bb41e913ab953                   1  credit_card   
4  42fdf880ba16b47b59251dd489d4441a                   1  credit_card   

   payment_installments  payment_value  
0                     8          99.33  
1                     1          24.39  
2                     1          65.71  
3                     8         107.78  
4                     2         128.45  

Numeric statistics:
       payment_sequential  payment_installments  payment_value
count       103886.000000         103886.000000  103886.000000
mean             1.092679              2.853349     154.100380
std              0.706584              2.687051     217.494064
min              1.000000              0.000000       0.000000
25%              1.000000              1.000000      56.790000
50%              1.000000              1.000000     100.000000
75%              1.000000              4.000000     171.837500
max             29.000000             24.000000   13664.080000

--- Duplicates ---
Duplicate rows: 0
order_id: 4,446 duplicate values
payment_sequential: 103,857 duplicate values
payment_type: 103,881 duplicate values
payment_installments: 103,862 duplicate values
payment_value: 74,809 duplicate values

============================================================
FILE: olist_order_reviews_dataset.csv
============================================================
Shape: (99224, 7)

Columns:
['review_id', 'order_id', 'review_score', 'review_comment_title', 'review_comment_message', 'review_creation_date', 'review_answer_timestamp']

Data types:
review_id                    str
order_id                     str
review_score               int64
review_comment_title         str
review_comment_message       str
review_creation_date         str
review_answer_timestamp      str
dtype: object

Missing values:
review_id                      0
order_id                       0
review_score                   0
review_comment_title       87656
review_comment_message     58247
review_creation_date           0
review_answer_timestamp        0
dtype: int64

First 5 rows:
                          review_id                          order_id  \
0  7bc2406110b926393aa56f80a40eba40  73fc7af87114b39712e6da79b0a377eb   
1  80e641a11e56f04c1ad469d5645fdfde  a548910a1c6147796b98fdf73dbeba33   
2  228ce5500dc1d8e020d8d1322874b6f0  f9e4b658b201a9f2ecdecbb34bed034b   
3  e64fb393e7b32834bb789ff8bb30750e  658677c97b385a9be170737859d3511b   
4  f7c4243c7fe1938f181bec41a392bdeb  8e6bfb81e283fa7e4f11123a3fb894f1   

   review_score review_comment_title  \
0             4                  NaN   
1             5                  NaN   
2             5                  NaN   
3             5                  NaN   
4             5                  NaN   

                              review_comment_message review_creation_date  \
0                                                NaN  2018-01-18 00:00:00   
1                                                NaN  2018-03-10 00:00:00   
2                                                NaN  2018-02-17 00:00:00   
3              Recebi bem antes do prazo estipulado.  2017-04-21 00:00:00   
4  Parabéns lojas lannister adorei comprar pela I...  2018-03-01 00:00:00   

  review_answer_timestamp  
0     2018-01-18 21:46:59  
1     2018-03-11 03:05:13  
2     2018-02-18 14:36:24  
3     2017-04-21 22:02:06  
4     2018-03-02 10:26:53  

Numeric statistics:
       review_score
count  99224.000000
mean       4.086421
std        1.347579
min        1.000000
25%        4.000000
50%        5.000000
75%        5.000000
max        5.000000

--- Duplicates ---
Duplicate rows: 0
review_id: 814 duplicate values
order_id: 551 duplicate values
review_score: 99,219 duplicate values
review_comment_title: 94,696 duplicate values
review_comment_message: 63,064 duplicate values
review_creation_date: 98,588 duplicate values
review_answer_timestamp: 976 duplicate values

============================================================
FILE: olist_products_dataset.csv
============================================================
Shape: (32951, 9)

Columns:
['product_id', 'product_category_name', 'product_name_lenght', 'product_description_lenght', 'product_photos_qty', 'product_weight_g', 'product_length_cm', 'product_height_cm', 'product_width_cm']

Data types:
product_id                        str
product_category_name             str
product_name_lenght           float64
product_description_lenght    float64
product_photos_qty            float64
product_weight_g              float64
product_length_cm             float64
product_height_cm             float64
product_width_cm              float64
dtype: object

Missing values:
product_id                      0
product_category_name         610
product_name_lenght           610
product_description_lenght    610
product_photos_qty            610
product_weight_g                2
product_length_cm               2
product_height_cm               2
product_width_cm                2
dtype: int64

First 5 rows:
                         product_id  product_category_name  \
0  1e9e8ef04dbcff4541ed26657ea517e5             perfumaria   
1  3aa071139cb16b67ca9e5dea641aaa2f                  artes   
2  96bd76ec8810374ed1b65e291975717f          esporte_lazer   
3  cef67bcfe19066a932b7673e239eb23d                  bebes   
4  9dc1a7de274444849c219cff195d0b71  utilidades_domesticas   

   product_name_lenght  product_description_lenght  product_photos_qty  \
0                 40.0                       287.0                 1.0   
1                 44.0                       276.0                 1.0   
2                 46.0                       250.0                 1.0   
3                 27.0                       261.0                 1.0   
4                 37.0                       402.0                 4.0   

   product_weight_g  product_length_cm  product_height_cm  product_width_cm  
0             225.0               16.0               10.0              14.0  
1            1000.0               30.0               18.0              20.0  
2             154.0               18.0                9.0              15.0  
3             371.0               26.0                4.0              26.0  
4             625.0               20.0               17.0              13.0  

Numeric statistics:
       product_name_lenght  product_description_lenght  product_photos_qty  \
count         32341.000000                32341.000000        32341.000000   
mean             48.476949                  771.495285            2.188986   
std              10.245741                  635.115225            1.736766   
min               5.000000                    4.000000            1.000000   
25%              42.000000                  339.000000            1.000000   
50%              51.000000                  595.000000            1.000000   
75%              57.000000                  972.000000            3.000000   
max              76.000000                 3992.000000           20.000000   

       product_weight_g  product_length_cm  product_height_cm  \
count      32949.000000       32949.000000       32949.000000   
mean        2276.472488          30.815078          16.937661   
std         4282.038731          16.914458          13.637554   
min            0.000000           7.000000           2.000000   
25%          300.000000          18.000000           8.000000   
50%          700.000000          25.000000          13.000000   
75%         1900.000000          38.000000          21.000000   
max        40425.000000         105.000000         105.000000   

       product_width_cm  
count      32949.000000  
mean          23.196728  
std           12.079047  
min            6.000000  
25%           15.000000  
50%           20.000000  
75%           30.000000  
max          118.000000  

--- Duplicates ---
Duplicate rows: 0
product_id: 0 duplicate values
product_category_name: 32,877 duplicate values
product_name_lenght: 32,884 duplicate values
product_description_lenght: 29,990 duplicate values
product_photos_qty: 32,931 duplicate values
product_weight_g: 30,746 duplicate values
product_length_cm: 32,851 duplicate values
product_height_cm: 32,848 duplicate values
product_width_cm: 32,855 duplicate values

============================================================
FILE: olist_sellers_dataset.csv
============================================================
Shape: (3095, 4)

Columns:
['seller_id', 'seller_zip_code_prefix', 'seller_city', 'seller_state']

Data types:
seller_id                   str
seller_zip_code_prefix    int64
seller_city                 str
seller_state                str
dtype: object

Missing values:
seller_id                 0
seller_zip_code_prefix    0
seller_city               0
seller_state              0
dtype: int64

First 5 rows:
                          seller_id  seller_zip_code_prefix  \
0  3442f8959a84dea7ee197c632cb2df15                   13023   
1  d1b65fc7debc3361ea86b5f14c68d2e2                   13844   
2  ce3ad9de960102d0677a81f5d0bb7b2d                   20031   
3  c0f3eea2e14555b6faeea3dd58c1b1c3                    4195   
4  51a04a8a6bdcb23deccc82b0b80742cf                   12914   

         seller_city seller_state  
0           campinas           SP  
1         mogi guacu           SP  
2     rio de janeiro           RJ  
3          sao paulo           SP  
4  braganca paulista           SP  

Numeric statistics:
       seller_zip_code_prefix
count             3095.000000
mean             32291.059451
std              32713.453830
min               1001.000000
25%               7093.500000
50%              14940.000000
75%              64552.500000
max              99730.000000

--- Duplicates ---
Duplicate rows: 0
seller_id: 0 duplicate values
seller_zip_code_prefix: 849 duplicate values
seller_city: 2,484 duplicate values
seller_state: 3,072 duplicate values

============================================================
FILE: product_category_name_translation.csv
============================================================
Shape: (71, 2)

Columns:
['product_category_name', 'product_category_name_english']

Data types:
product_category_name            str
product_category_name_english    str
dtype: object

Missing values:
product_category_name            0
product_category_name_english    0
dtype: int64

First 5 rows:
    product_category_name product_category_name_english
0            beleza_saude                 health_beauty
1  informatica_acessorios         computers_accessories
2              automotivo                          auto
3         cama_mesa_banho                bed_bath_table
4        moveis_decoracao               furniture_decor

Numeric statistics:
       product_category_name product_category_name_english
count                     71                            71
unique                    71                            71
top             beleza_saude                 health_beauty
freq                       1                             1

--- Duplicates ---
Duplicate rows: 0
product_category_name: 0 duplicate values
product_category_name_english: 0 duplicate values
dict_keys(['olist_customers_dataset', 'olist_geolocation_dataset', 'olist_orders_dataset', 'olist_order_items_dataset', 'olist_order_payments_dataset', 'olist_order_reviews_dataset', 'olist_products_dataset', 'olist_sellers_dataset', 'product_category_name_translation'])
{'_id': ObjectId('6aabdf3ab85471bfb9c57c23'), 'order_id': 'e481f51cbdc54678b7cc49136f2d6af7', 'customer_id': '9ef432eb6251297304e76186b10a928d', 'order_status': 'delivered', 'order_purchase_timestamp': '2017-10-02 10:56:33', 'order_approved_at': '2017-10-02 11:07:15', 'order_delivered_carrier_date': '2017-10-04 19:55:00', 'order_delivered_customer_date': '2017-10-10 21:25:13', 'order_estimated_delivery_date': '2017-10-18 00:00:00'}
{'_id': ObjectId('6aabdf3ab85471bfb9c57c24'), 'order_id': '53cdb2fc8bc7dce0b6741e2150273451', 'customer_id': 'b0830fb4747a6c6d20dea0b8c802d7ef', 'order_status': 'delivered', 'order_purchase_timestamp': '2018-07-24 20:41:37', 'order_approved_at': '2018-07-26 03:24:27', 'order_delivered_carrier_date': '2018-07-26 14:31:00', 'order_delivered_customer_date': '2018-08-07 15:27:45', 'order_estimated_delivery_date': '2018-08-13 00:00:00'}
{'_id': ObjectId('6aabdf3ab85471bfb9c57c25'), 'order_id': '47770eb9100c2d0c44946d9cf07ec65d', 'customer_id': '41ce2a54c0b03bf3443c3d931a367089', 'order_status': 'delivered', 'order_purchase_timestamp': '2018-08-08 08:38:49', 'order_approved_at': '2018-08-08 08:55:23', 'order_delivered_carrier_date': '2018-08-08 13:50:00', 'order_delivered_customer_date': '2018-08-17 18:06:29', 'order_estimated_delivery_date': '2018-09-04 00:00:00'}
{'_id': ObjectId('6aabdf3ab85471bfb9c57c26'), 'order_id': '949d5b44dbf5de918fe9c16f97b45f8a', 'customer_id': 'f88197465ea7920adcdbec7375364d82', 'order_status': 'delivered', 'order_purchase_timestamp': '2017-11-18 19:28:06', 'order_approved_at': '2017-11-18 19:45:59', 'order_delivered_carrier_date': '2017-11-22 13:39:59', 'order_delivered_customer_date': '2017-12-02 00:28:42', 'order_estimated_delivery_date': '2017-12-15 00:00:00'}
{'_id': ObjectId('6aabdf3ab85471bfb9c57c27'), 'order_id': 'ad21c59c0840e6cb83a9ceb5573f8159', 'customer_id': '8ab97904e6daea8866dbdbc4fb7aad2c', 'order_status': 'delivered', 'order_purchase_timestamp': '2018-02-13 21:18:39', 'order_approved_at': '2018-02-13 22:20:29', 'order_delivered_carrier_date': '2018-02-14 19:46:34', 'order_delivered_customer_date': '2018-02-16 18:17:02', 'order_estimated_delivery_date': '2018-02-26 00:00:00'}
{'_id': ObjectId('6aabdf42342e44e218e71eb6'), 'order_id': 'e481f51cbdc54678b7cc49136f2d6af7', 'customer_id': '9ef432eb6251297304e76186b10a928d', 'order_status': 'delivered', 'order_purchase_timestamp': '2017-10-02 10:56:33', 'order_approved_at': '2017-10-02 11:07:15', 'order_delivered_carrier_date': '2017-10-04 19:55:00', 'order_delivered_customer_date': '2017-10-10 21:25:13', 'order_estimated_delivery_date': '2017-10-18 00:00:00', 'payments': {'order_id': 'e481f51cbdc54678b7cc49136f2d6af7', 'payment_sequential': 1, 'payment_type': 'credit_card', 'payment_installments': 1, 'payment_value': 18.12}}
{'_id': ObjectId('6aabdf42342e44e218e71eb7'), 'order_id': 'e481f51cbdc54678b7cc49136f2d6af7', 'customer_id': '9ef432eb6251297304e76186b10a928d', 'order_status': 'delivered', 'order_purchase_timestamp': '2017-10-02 10:56:33', 'order_approved_at': '2017-10-02 11:07:15', 'order_delivered_carrier_date': '2017-10-04 19:55:00', 'order_delivered_customer_date': '2017-10-10 21:25:13', 'order_estimated_delivery_date': '2017-10-18 00:00:00', 'payments': {'order_id': 'e481f51cbdc54678b7cc49136f2d6af7', 'payment_sequential': 3, 'payment_type': 'voucher', 'payment_installments': 1, 'payment_value': 2.0}}
{'_id': ObjectId('6aabdf42342e44e218e71eb8'), 'order_id': 'e481f51cbdc54678b7cc49136f2d6af7', 'customer_id': '9ef432eb6251297304e76186b10a928d', 'order_status': 'delivered', 'order_purchase_timestamp': '2017-10-02 10:56:33', 'order_approved_at': '2017-10-02 11:07:15', 'order_delivered_carrier_date': '2017-10-04 19:55:00', 'order_delivered_customer_date': '2017-10-10 21:25:13', 'order_estimated_delivery_date': '2017-10-18 00:00:00', 'payments': {'order_id': 'e481f51cbdc54678b7cc49136f2d6af7', 'payment_sequential': 2, 'payment_type': 'voucher', 'payment_installments': 1, 'payment_value': 18.59}}
{'_id': ObjectId('6aabdf42342e44e218e71eb9'), 'order_id': '53cdb2fc8bc7dce0b6741e2150273451', 'customer_id': 'b0830fb4747a6c6d20dea0b8c802d7ef', 'order_status': 'delivered', 'order_purchase_timestamp': '2018-07-24 20:41:37', 'order_approved_at': '2018-07-26 03:24:27', 'order_delivered_carrier_date': '2018-07-26 14:31:00', 'order_delivered_customer_date': '2018-08-07 15:27:45', 'order_estimated_delivery_date': '2018-08-13 00:00:00', 'payments': {'order_id': '53cdb2fc8bc7dce0b6741e2150273451', 'payment_sequential': 1, 'payment_type': 'boleto', 'payment_installments': 1, 'payment_value': 141.46}}
{'_id': ObjectId('6aabdf42342e44e218e71eba'), 'order_id': '47770eb9100c2d0c44946d9cf07ec65d', 'customer_id': '41ce2a54c0b03bf3443c3d931a367089', 'order_status': 'delivered', 'order_purchase_timestamp': '2018-08-08 08:38:49', 'order_approved_at': '2018-08-08 08:55:23', 'order_delivered_carrier_date': '2018-08-08 13:50:00', 'order_delivered_customer_date': '2018-08-17 18:06:29', 'order_estimated_delivery_date': '2018-09-04 00:00:00', 'payments': {'order_id': '47770eb9100c2d0c44946d9cf07ec65d', 'payment_sequential': 1, 'payment_type': 'credit_card', 'payment_installments': 3, 'payment_value': 179.12}}
{'_id': ObjectId('6aabdf51342e44e218e8b484'), 'order_id': 'e481f51cbdc54678b7cc49136f2d6af7', 'customer_id': '9ef432eb6251297304e76186b10a928d', 'order_status': 'delivered', 'order_purchase_timestamp': '2017-10-02 10:56:33', 'order_approved_at': '2017-10-02 11:07:15', 'order_delivered_carrier_date': '2017-10-04 19:55:00', 'order_delivered_customer_date': '2017-10-10 21:25:13', 'order_estimated_delivery_date': '2017-10-18 00:00:00', 'payments': {'order_id': 'e481f51cbdc54678b7cc49136f2d6af7', 'payment_sequential': 1, 'payment_type': 'credit_card', 'payment_installments': 1, 'payment_value': 18.12}, 'items': {'order_id': 'e481f51cbdc54678b7cc49136f2d6af7', 'order_item_id': 1, 'product_id': '87285b34884572647811a353c7ac498a', 'seller_id': '3504c0cb71d7fa48d967e0e4c94d59d9', 'shipping_limit_date': '2017-10-06 11:07:15', 'price': 29.99, 'freight_value': 8.72}}
{'_id': ObjectId('6aabdf51342e44e218e8b485'), 'order_id': 'e481f51cbdc54678b7cc49136f2d6af7', 'customer_id': '9ef432eb6251297304e76186b10a928d', 'order_status': 'delivered', 'order_purchase_timestamp': '2017-10-02 10:56:33', 'order_approved_at': '2017-10-02 11:07:15', 'order_delivered_carrier_date': '2017-10-04 19:55:00', 'order_delivered_customer_date': '2017-10-10 21:25:13', 'order_estimated_delivery_date': '2017-10-18 00:00:00', 'payments': {'order_id': 'e481f51cbdc54678b7cc49136f2d6af7', 'payment_sequential': 3, 'payment_type': 'voucher', 'payment_installments': 1, 'payment_value': 2.0}, 'items': {'order_id': 'e481f51cbdc54678b7cc49136f2d6af7', 'order_item_id': 1, 'product_id': '87285b34884572647811a353c7ac498a', 'seller_id': '3504c0cb71d7fa48d967e0e4c94d59d9', 'shipping_limit_date': '2017-10-06 11:07:15', 'price': 29.99, 'freight_value': 8.72}}
{'_id': ObjectId('6aabdf51342e44e218e8b486'), 'order_id': 'e481f51cbdc54678b7cc49136f2d6af7', 'customer_id': '9ef432eb6251297304e76186b10a928d', 'order_status': 'delivered', 'order_purchase_timestamp': '2017-10-02 10:56:33', 'order_approved_at': '2017-10-02 11:07:15', 'order_delivered_carrier_date': '2017-10-04 19:55:00', 'order_delivered_customer_date': '2017-10-10 21:25:13', 'order_estimated_delivery_date': '2017-10-18 00:00:00', 'payments': {'order_id': 'e481f51cbdc54678b7cc49136f2d6af7', 'payment_sequential': 2, 'payment_type': 'voucher', 'payment_installments': 1, 'payment_value': 18.59}, 'items': {'order_id': 'e481f51cbdc54678b7cc49136f2d6af7', 'order_item_id': 1, 'product_id': '87285b34884572647811a353c7ac498a', 'seller_id': '3504c0cb71d7fa48d967e0e4c94d59d9', 'shipping_limit_date': '2017-10-06 11:07:15', 'price': 29.99, 'freight_value': 8.72}}
{'_id': ObjectId('6aabdf51342e44e218e8b487'), 'order_id': '53cdb2fc8bc7dce0b6741e2150273451', 'customer_id': 'b0830fb4747a6c6d20dea0b8c802d7ef', 'order_status': 'delivered', 'order_purchase_timestamp': '2018-07-24 20:41:37', 'order_approved_at': '2018-07-26 03:24:27', 'order_delivered_carrier_date': '2018-07-26 14:31:00', 'order_delivered_customer_date': '2018-08-07 15:27:45', 'order_estimated_delivery_date': '2018-08-13 00:00:00', 'payments': {'order_id': '53cdb2fc8bc7dce0b6741e2150273451', 'payment_sequential': 1, 'payment_type': 'boleto', 'payment_installments': 1, 'payment_value': 141.46}, 'items': {'order_id': '53cdb2fc8bc7dce0b6741e2150273451', 'order_item_id': 1, 'product_id': '595fac2a385ac33a80bd5114aec74eb8', 'seller_id': '289cdb325fb7e7f891c38608bf9e0962', 'shipping_limit_date': '2018-07-30 03:24:27', 'price': 118.7, 'freight_value': 22.76}}
{'_id': ObjectId('6aabdf51342e44e218e8b488'), 'order_id': '47770eb9100c2d0c44946d9cf07ec65d', 'customer_id': '41ce2a54c0b03bf3443c3d931a367089', 'order_status': 'delivered', 'order_purchase_timestamp': '2018-08-08 08:38:49', 'order_approved_at': '2018-08-08 08:55:23', 'order_delivered_carrier_date': '2018-08-08 13:50:00', 'order_delivered_customer_date': '2018-08-17 18:06:29', 'order_estimated_delivery_date': '2018-09-04 00:00:00', 'payments': {'order_id': '47770eb9100c2d0c44946d9cf07ec65d', 'payment_sequential': 1, 'payment_type': 'credit_card', 'payment_installments': 3, 'payment_value': 179.12}, 'items': {'order_id': '47770eb9100c2d0c44946d9cf07ec65d', 'order_item_id': 1, 'product_id': 'aa4383b373c6aca5d8797843e5594415', 'seller_id': '4869f7a5dfa277a7dca6462dcf3b52b2', 'shipping_limit_date': '2018-08-13 08:55:23', 'price': 159.9, 'freight_value': 19.22}}
{'_id': ObjectId('6aabdf61342e44e218ea7fe5'), 'order_id': 'e481f51cbdc54678b7cc49136f2d6af7', 'customer_id': '9ef432eb6251297304e76186b10a928d', 'order_status': 'delivered', 'order_purchase_timestamp': '2017-10-02 10:56:33', 'order_approved_at': '2017-10-02 11:07:15', 'order_delivered_carrier_date': '2017-10-04 19:55:00', 'order_delivered_customer_date': '2017-10-10 21:25:13', 'order_estimated_delivery_date': '2017-10-18 00:00:00', 'payments': {'order_id': 'e481f51cbdc54678b7cc49136f2d6af7', 'payment_sequential': 1, 'payment_type': 'credit_card', 'payment_installments': 1, 'payment_value': 18.12}, 'items': {'order_id': 'e481f51cbdc54678b7cc49136f2d6af7', 'order_item_id': 1, 'product_id': '87285b34884572647811a353c7ac498a', 'seller_id': '3504c0cb71d7fa48d967e0e4c94d59d9', 'shipping_limit_date': '2017-10-06 11:07:15', 'price': 29.99, 'freight_value': 8.72}, 'reviews': {'review_id': 'a54f0611adc9ed256b57ede6b6eb5114', 'order_id': 'e481f51cbdc54678b7cc49136f2d6af7', 'review_score': 4, 'review_comment_title': nan, 'review_comment_message': 'Não testei o produto ainda, mas ele veio correto e em boas condições. Apenas a caixa que veio bem amassada e danificada, o que ficará chato, pois se trata de um presente.', 'review_creation_date': '2017-10-11 00:00:00', 'review_answer_timestamp': '2017-10-12 03:43:48'}}
{'_id': ObjectId('6aabdf61342e44e218ea7fe6'), 'order_id': 'e481f51cbdc54678b7cc49136f2d6af7', 'customer_id': '9ef432eb6251297304e76186b10a928d', 'order_status': 'delivered', 'order_purchase_timestamp': '2017-10-02 10:56:33', 'order_approved_at': '2017-10-02 11:07:15', 'order_delivered_carrier_date': '2017-10-04 19:55:00', 'order_delivered_customer_date': '2017-10-10 21:25:13', 'order_estimated_delivery_date': '2017-10-18 00:00:00', 'payments': {'order_id': 'e481f51cbdc54678b7cc49136f2d6af7', 'payment_sequential': 3, 'payment_type': 'voucher', 'payment_installments': 1, 'payment_value': 2.0}, 'items': {'order_id': 'e481f51cbdc54678b7cc49136f2d6af7', 'order_item_id': 1, 'product_id': '87285b34884572647811a353c7ac498a', 'seller_id': '3504c0cb71d7fa48d967e0e4c94d59d9', 'shipping_limit_date': '2017-10-06 11:07:15', 'price': 29.99, 'freight_value': 8.72}, 'reviews': {'review_id': 'a54f0611adc9ed256b57ede6b6eb5114', 'order_id': 'e481f51cbdc54678b7cc49136f2d6af7', 'review_score': 4, 'review_comment_title': nan, 'review_comment_message': 'Não testei o produto ainda, mas ele veio correto e em boas condições. Apenas a caixa que veio bem amassada e danificada, o que ficará chato, pois se trata de um presente.', 'review_creation_date': '2017-10-11 00:00:00', 'review_answer_timestamp': '2017-10-12 03:43:48'}}
{'_id': ObjectId('6aabdf61342e44e218ea7fe7'), 'order_id': 'e481f51cbdc54678b7cc49136f2d6af7', 'customer_id': '9ef432eb6251297304e76186b10a928d', 'order_status': 'delivered', 'order_purchase_timestamp': '2017-10-02 10:56:33', 'order_approved_at': '2017-10-02 11:07:15', 'order_delivered_carrier_date': '2017-10-04 19:55:00', 'order_delivered_customer_date': '2017-10-10 21:25:13', 'order_estimated_delivery_date': '2017-10-18 00:00:00', 'payments': {'order_id': 'e481f51cbdc54678b7cc49136f2d6af7', 'payment_sequential': 2, 'payment_type': 'voucher', 'payment_installments': 1, 'payment_value': 18.59}, 'items': {'order_id': 'e481f51cbdc54678b7cc49136f2d6af7', 'order_item_id': 1, 'product_id': '87285b34884572647811a353c7ac498a', 'seller_id': '3504c0cb71d7fa48d967e0e4c94d59d9', 'shipping_limit_date': '2017-10-06 11:07:15', 'price': 29.99, 'freight_value': 8.72}, 'reviews': {'review_id': 'a54f0611adc9ed256b57ede6b6eb5114', 'order_id': 'e481f51cbdc54678b7cc49136f2d6af7', 'review_score': 4, 'review_comment_title': nan, 'review_comment_message': 'Não testei o produto ainda, mas ele veio correto e em boas condições. Apenas a caixa que veio bem amassada e danificada, o que ficará chato, pois se trata de um presente.', 'review_creation_date': '2017-10-11 00:00:00', 'review_answer_timestamp': '2017-10-12 03:43:48'}}
{'_id': ObjectId('6aabdf61342e44e218ea7fe8'), 'order_id': '53cdb2fc8bc7dce0b6741e2150273451', 'customer_id': 'b0830fb4747a6c6d20dea0b8c802d7ef', 'order_status': 'delivered', 'order_purchase_timestamp': '2018-07-24 20:41:37', 'order_approved_at': '2018-07-26 03:24:27', 'order_delivered_carrier_date': '2018-07-26 14:31:00', 'order_delivered_customer_date': '2018-08-07 15:27:45', 'order_estimated_delivery_date': '2018-08-13 00:00:00', 'payments': {'order_id': '53cdb2fc8bc7dce0b6741e2150273451', 'payment_sequential': 1, 'payment_type': 'boleto', 'payment_installments': 1, 'payment_value': 141.46}, 'items': {'order_id': '53cdb2fc8bc7dce0b6741e2150273451', 'order_item_id': 1, 'product_id': '595fac2a385ac33a80bd5114aec74eb8', 'seller_id': '289cdb325fb7e7f891c38608bf9e0962', 'shipping_limit_date': '2018-07-30 03:24:27', 'price': 118.7, 'freight_value': 22.76}, 'reviews': {'review_id': '8d5266042046a06655c8db133d120ba5', 'order_id': '53cdb2fc8bc7dce0b6741e2150273451', 'review_score': 4, 'review_comment_title': 'Muito boa a loja', 'review_comment_message': 'Muito bom o produto.', 'review_creation_date': '2018-08-08 00:00:00', 'review_answer_timestamp': '2018-08-08 18:37:50'}}
{'_id': ObjectId('6aabdf61342e44e218ea7fe9'), 'order_id': '47770eb9100c2d0c44946d9cf07ec65d', 'customer_id': '41ce2a54c0b03bf3443c3d931a367089', 'order_status': 'delivered', 'order_purchase_timestamp': '2018-08-08 08:38:49', 'order_approved_at': '2018-08-08 08:55:23', 'order_delivered_carrier_date': '2018-08-08 13:50:00', 'order_delivered_customer_date': '2018-08-17 18:06:29', 'order_estimated_delivery_date': '2018-09-04 00:00:00', 'payments': {'order_id': '47770eb9100c2d0c44946d9cf07ec65d', 'payment_sequential': 1, 'payment_type': 'credit_card', 'payment_installments': 3, 'payment_value': 179.12}, 'items': {'order_id': '47770eb9100c2d0c44946d9cf07ec65d', 'order_item_id': 1, 'product_id': 'aa4383b373c6aca5d8797843e5594415', 'seller_id': '4869f7a5dfa277a7dca6462dcf3b52b2', 'shipping_limit_date': '2018-08-13 08:55:23', 'price': 159.9, 'freight_value': 19.22}, 'reviews': {'review_id': 'e73b67b67587f7644d5bd1a52deb1b01', 'order_id': '47770eb9100c2d0c44946d9cf07ec65d', 'review_score': 5, 'review_comment_title': nan, 'review_comment_message': nan, 'review_creation_date': '2018-08-18 00:00:00', 'review_answer_timestamp': '2018-08-22 19:07:58'}}
{'_id': ObjectId('6aabdf74342e44e218ec4a36'), 'order_id': 'e481f51cbdc54678b7cc49136f2d6af7', 'customer_id': '9ef432eb6251297304e76186b10a928d', 'order_status': 'delivered', 'order_purchase_timestamp': '2017-10-02 10:56:33', 'order_approved_at': '2017-10-02 11:07:15', 'order_delivered_carrier_date': '2017-10-04 19:55:00', 'order_delivered_customer_date': '2017-10-10 21:25:13', 'order_estimated_delivery_date': '2017-10-18 00:00:00', 'payments': {'order_id': 'e481f51cbdc54678b7cc49136f2d6af7', 'payment_sequential': 1, 'payment_type': 'credit_card', 'payment_installments': 1, 'payment_value': 18.12}, 'items': {'order_id': 'e481f51cbdc54678b7cc49136f2d6af7', 'order_item_id': 1, 'product_id': '87285b34884572647811a353c7ac498a', 'seller_id': '3504c0cb71d7fa48d967e0e4c94d59d9', 'shipping_limit_date': '2017-10-06 11:07:15', 'price': 29.99, 'freight_value': 8.72}, 'reviews': {'review_id': 'a54f0611adc9ed256b57ede6b6eb5114', 'order_id': 'e481f51cbdc54678b7cc49136f2d6af7', 'review_score': 4, 'review_comment_title': nan, 'review_comment_message': 'Não testei o produto ainda, mas ele veio correto e em boas condições. Apenas a caixa que veio bem amassada e danificada, o que ficará chato, pois se trata de um presente.', 'review_creation_date': '2017-10-11 00:00:00', 'review_answer_timestamp': '2017-10-12 03:43:48'}, 'order_to_customer': {'customer_id': '9ef432eb6251297304e76186b10a928d', 'customer_unique_id': '7c396fd4830fd04220f754e42b4e5bff', 'customer_zip_code_prefix': 3149, 'customer_city': 'sao paulo', 'customer_state': 'SP'}}
{'_id': ObjectId('6aabdf74342e44e218ec4a37'), 'order_id': 'e481f51cbdc54678b7cc49136f2d6af7', 'customer_id': '9ef432eb6251297304e76186b10a928d', 'order_status': 'delivered', 'order_purchase_timestamp': '2017-10-02 10:56:33', 'order_approved_at': '2017-10-02 11:07:15', 'order_delivered_carrier_date': '2017-10-04 19:55:00', 'order_delivered_customer_date': '2017-10-10 21:25:13', 'order_estimated_delivery_date': '2017-10-18 00:00:00', 'payments': {'order_id': 'e481f51cbdc54678b7cc49136f2d6af7', 'payment_sequential': 3, 'payment_type': 'voucher', 'payment_installments': 1, 'payment_value': 2.0}, 'items': {'order_id': 'e481f51cbdc54678b7cc49136f2d6af7', 'order_item_id': 1, 'product_id': '87285b34884572647811a353c7ac498a', 'seller_id': '3504c0cb71d7fa48d967e0e4c94d59d9', 'shipping_limit_date': '2017-10-06 11:07:15', 'price': 29.99, 'freight_value': 8.72}, 'reviews': {'review_id': 'a54f0611adc9ed256b57ede6b6eb5114', 'order_id': 'e481f51cbdc54678b7cc49136f2d6af7', 'review_score': 4, 'review_comment_title': nan, 'review_comment_message': 'Não testei o produto ainda, mas ele veio correto e em boas condições. Apenas a caixa que veio bem amassada e danificada, o que ficará chato, pois se trata de um presente.', 'review_creation_date': '2017-10-11 00:00:00', 'review_answer_timestamp': '2017-10-12 03:43:48'}, 'order_to_customer': {'customer_id': '9ef432eb6251297304e76186b10a928d', 'customer_unique_id': '7c396fd4830fd04220f754e42b4e5bff', 'customer_zip_code_prefix': 3149, 'customer_city': 'sao paulo', 'customer_state': 'SP'}}
{'_id': ObjectId('6aabdf74342e44e218ec4a38'), 'order_id': 'e481f51cbdc54678b7cc49136f2d6af7', 'customer_id': '9ef432eb6251297304e76186b10a928d', 'order_status': 'delivered', 'order_purchase_timestamp': '2017-10-02 10:56:33', 'order_approved_at': '2017-10-02 11:07:15', 'order_delivered_carrier_date': '2017-10-04 19:55:00', 'order_delivered_customer_date': '2017-10-10 21:25:13', 'order_estimated_delivery_date': '2017-10-18 00:00:00', 'payments': {'order_id': 'e481f51cbdc54678b7cc49136f2d6af7', 'payment_sequential': 2, 'payment_type': 'voucher', 'payment_installments': 1, 'payment_value': 18.59}, 'items': {'order_id': 'e481f51cbdc54678b7cc49136f2d6af7', 'order_item_id': 1, 'product_id': '87285b34884572647811a353c7ac498a', 'seller_id': '3504c0cb71d7fa48d967e0e4c94d59d9', 'shipping_limit_date': '2017-10-06 11:07:15', 'price': 29.99, 'freight_value': 8.72}, 'reviews': {'review_id': 'a54f0611adc9ed256b57ede6b6eb5114', 'order_id': 'e481f51cbdc54678b7cc49136f2d6af7', 'review_score': 4, 'review_comment_title': nan, 'review_comment_message': 'Não testei o produto ainda, mas ele veio correto e em boas condições. Apenas a caixa que veio bem amassada e danificada, o que ficará chato, pois se trata de um presente.', 'review_creation_date': '2017-10-11 00:00:00', 'review_answer_timestamp': '2017-10-12 03:43:48'}, 'order_to_customer': {'customer_id': '9ef432eb6251297304e76186b10a928d', 'customer_unique_id': '7c396fd4830fd04220f754e42b4e5bff', 'customer_zip_code_prefix': 3149, 'customer_city': 'sao paulo', 'customer_state': 'SP'}}
{'_id': ObjectId('6aabdf74342e44e218ec4a39'), 'order_id': '53cdb2fc8bc7dce0b6741e2150273451', 'customer_id': 'b0830fb4747a6c6d20dea0b8c802d7ef', 'order_status': 'delivered', 'order_purchase_timestamp': '2018-07-24 20:41:37', 'order_approved_at': '2018-07-26 03:24:27', 'order_delivered_carrier_date': '2018-07-26 14:31:00', 'order_delivered_customer_date': '2018-08-07 15:27:45', 'order_estimated_delivery_date': '2018-08-13 00:00:00', 'payments': {'order_id': '53cdb2fc8bc7dce0b6741e2150273451', 'payment_sequential': 1, 'payment_type': 'boleto', 'payment_installments': 1, 'payment_value': 141.46}, 'items': {'order_id': '53cdb2fc8bc7dce0b6741e2150273451', 'order_item_id': 1, 'product_id': '595fac2a385ac33a80bd5114aec74eb8', 'seller_id': '289cdb325fb7e7f891c38608bf9e0962', 'shipping_limit_date': '2018-07-30 03:24:27', 'price': 118.7, 'freight_value': 22.76}, 'reviews': {'review_id': '8d5266042046a06655c8db133d120ba5', 'order_id': '53cdb2fc8bc7dce0b6741e2150273451', 'review_score': 4, 'review_comment_title': 'Muito boa a loja', 'review_comment_message': 'Muito bom o produto.', 'review_creation_date': '2018-08-08 00:00:00', 'review_answer_timestamp': '2018-08-08 18:37:50'}, 'order_to_customer': {'customer_id': 'b0830fb4747a6c6d20dea0b8c802d7ef', 'customer_unique_id': 'af07308b275d755c9edb36a90c618231', 'customer_zip_code_prefix': 47813, 'customer_city': 'barreiras', 'customer_state': 'BA'}}
{'_id': ObjectId('6aabdf74342e44e218ec4a3a'), 'order_id': '47770eb9100c2d0c44946d9cf07ec65d', 'customer_id': '41ce2a54c0b03bf3443c3d931a367089', 'order_status': 'delivered', 'order_purchase_timestamp': '2018-08-08 08:38:49', 'order_approved_at': '2018-08-08 08:55:23', 'order_delivered_carrier_date': '2018-08-08 13:50:00', 'order_delivered_customer_date': '2018-08-17 18:06:29', 'order_estimated_delivery_date': '2018-09-04 00:00:00', 'payments': {'order_id': '47770eb9100c2d0c44946d9cf07ec65d', 'payment_sequential': 1, 'payment_type': 'credit_card', 'payment_installments': 3, 'payment_value': 179.12}, 'items': {'order_id': '47770eb9100c2d0c44946d9cf07ec65d', 'order_item_id': 1, 'product_id': 'aa4383b373c6aca5d8797843e5594415', 'seller_id': '4869f7a5dfa277a7dca6462dcf3b52b2', 'shipping_limit_date': '2018-08-13 08:55:23', 'price': 159.9, 'freight_value': 19.22}, 'reviews': {'review_id': 'e73b67b67587f7644d5bd1a52deb1b01', 'order_id': '47770eb9100c2d0c44946d9cf07ec65d', 'review_score': 5, 'review_comment_title': nan, 'review_comment_message': nan, 'review_creation_date': '2018-08-18 00:00:00', 'review_answer_timestamp': '2018-08-22 19:07:58'}, 'order_to_customer': {'customer_id': '41ce2a54c0b03bf3443c3d931a367089', 'customer_unique_id': '3a653a41f6f9fc3d2a113cf8398680e8', 'customer_zip_code_prefix': 75265, 'customer_city': 'vianopolis', 'customer_state': 'GO'}}
c:\Users\Utilisateur\Desktop\liste_depots\projet_groupe_mongodb\src
c:\Users\Utilisateur\Desktop\liste_depots\projet_groupe_mongodb
c:\Users\Utilisateur\Desktop\liste_depots\projet_groupe_mongodb\data

============================================================
FILE: olist_customers_dataset.csv
============================================================
Shape: (99441, 5)

Columns:
['customer_id', 'customer_unique_id', 'customer_zip_code_prefix', 'customer_city', 'customer_state']

Data types:
customer_id                   str
customer_unique_id            str
customer_zip_code_prefix    int64
customer_city                 str
customer_state                str
dtype: object

Missing values:
customer_id                 0
customer_unique_id          0
customer_zip_code_prefix    0
customer_city               0
customer_state              0
dtype: int64

First 5 rows:
                        customer_id                customer_unique_id  \
0  06b8999e2fba1a1fbc88172c00ba8bc7  861eff4711a542e4b93843c6dd7febb0   
1  18955e83d337fd6b2def6b18a428ac77  290c77bc529b7ac935b93aa66c333dc3   
2  4e7b3e00288586ebd08712fdd0374a03  060e732b5b29e8181a18229c7b0b2b5e   
3  b2b6027bc5c5109e529d4dc6358b12c3  259dac757896d24d7702b9acbbff3f3c   
4  4f2d8ab171c80ec8364f7c12e35b23ad  345ecd01c38d18a9036ed96c73b8d066   

   customer_zip_code_prefix          customer_city customer_state  
0                     14409                 franca             SP  
1                      9790  sao bernardo do campo             SP  
2                      1151              sao paulo             SP  
3                      8775        mogi das cruzes             SP  
4                     13056               campinas             SP  

Numeric statistics:
       customer_zip_code_prefix
count              99441.000000
mean               35137.474583
std                29797.938996
min                 1003.000000
25%                11347.000000
50%                24416.000000
75%                58900.000000
max                99990.000000

--- Duplicates ---
Duplicate rows: 0
customer_id: 0 duplicate values
customer_unique_id: 3,345 duplicate values
customer_zip_code_prefix: 84,447 duplicate values
customer_city: 95,322 duplicate values
customer_state: 99,414 duplicate values

============================================================
FILE: olist_geolocation_dataset.csv
============================================================
Shape: (1000163, 5)

Columns:
['geolocation_zip_code_prefix', 'geolocation_lat', 'geolocation_lng', 'geolocation_city', 'geolocation_state']

Data types:
geolocation_zip_code_prefix      int64
geolocation_lat                float64
geolocation_lng                float64
geolocation_city                   str
geolocation_state                  str
dtype: object

Missing values:
geolocation_zip_code_prefix    0
geolocation_lat                0
geolocation_lng                0
geolocation_city               0
geolocation_state              0
dtype: int64

First 5 rows:
   geolocation_zip_code_prefix  geolocation_lat  geolocation_lng  \
0                         1037       -23.545621       -46.639292   
1                         1046       -23.546081       -46.644820   
2                         1046       -23.546129       -46.642951   
3                         1041       -23.544392       -46.639499   
4                         1035       -23.541578       -46.641607   

  geolocation_city geolocation_state  
0        sao paulo                SP  
1        sao paulo                SP  
2        sao paulo                SP  
3        sao paulo                SP  
4        sao paulo                SP  

Numeric statistics:
       geolocation_zip_code_prefix  geolocation_lat  geolocation_lng
count                 1.000163e+06     1.000163e+06     1.000163e+06
mean                  3.657417e+04    -2.117615e+01    -4.639054e+01
std                   3.054934e+04     5.715866e+00     4.269748e+00
min                   1.001000e+03    -3.660537e+01    -1.014668e+02
25%                   1.107500e+04    -2.360355e+01    -4.857317e+01
50%                   2.653000e+04    -2.291938e+01    -4.663788e+01
75%                   6.350400e+04    -1.997962e+01    -4.376771e+01
max                   9.999000e+04     4.506593e+01     1.211054e+02

--- Duplicates ---
Duplicate rows: 261,831
geolocation_zip_code_prefix: 981,148 duplicate values
geolocation_lat: 282,803 duplicate values
geolocation_lng: 282,550 duplicate values
geolocation_city: 992,152 duplicate values
geolocation_state: 1,000,136 duplicate values

============================================================
FILE: olist_orders_dataset.csv
============================================================
Shape: (99441, 8)

Columns:
['order_id', 'customer_id', 'order_status', 'order_purchase_timestamp', 'order_approved_at', 'order_delivered_carrier_date', 'order_delivered_customer_date', 'order_estimated_delivery_date']

Data types:
order_id                         str
customer_id                      str
order_status                     str
order_purchase_timestamp         str
order_approved_at                str
order_delivered_carrier_date     str
order_delivered_customer_date    str
order_estimated_delivery_date    str
dtype: object

Missing values:
order_id                            0
customer_id                         0
order_status                        0
order_purchase_timestamp            0
order_approved_at                 160
order_delivered_carrier_date     1783
order_delivered_customer_date    2965
order_estimated_delivery_date       0
dtype: int64

First 5 rows:
                           order_id                       customer_id  \
0  e481f51cbdc54678b7cc49136f2d6af7  9ef432eb6251297304e76186b10a928d   
1  53cdb2fc8bc7dce0b6741e2150273451  b0830fb4747a6c6d20dea0b8c802d7ef   
2  47770eb9100c2d0c44946d9cf07ec65d  41ce2a54c0b03bf3443c3d931a367089   
3  949d5b44dbf5de918fe9c16f97b45f8a  f88197465ea7920adcdbec7375364d82   
4  ad21c59c0840e6cb83a9ceb5573f8159  8ab97904e6daea8866dbdbc4fb7aad2c   

  order_status order_purchase_timestamp    order_approved_at  \
0    delivered      2017-10-02 10:56:33  2017-10-02 11:07:15   
1    delivered      2018-07-24 20:41:37  2018-07-26 03:24:27   
2    delivered      2018-08-08 08:38:49  2018-08-08 08:55:23   
3    delivered      2017-11-18 19:28:06  2017-11-18 19:45:59   
4    delivered      2018-02-13 21:18:39  2018-02-13 22:20:29   

  order_delivered_carrier_date order_delivered_customer_date  \
0          2017-10-04 19:55:00           2017-10-10 21:25:13   
1          2018-07-26 14:31:00           2018-08-07 15:27:45   
2          2018-08-08 13:50:00           2018-08-17 18:06:29   
3          2017-11-22 13:39:59           2017-12-02 00:28:42   
4          2018-02-14 19:46:34           2018-02-16 18:17:02   

  order_estimated_delivery_date  
0           2017-10-18 00:00:00  
1           2018-08-13 00:00:00  
2           2018-09-04 00:00:00  
3           2017-12-15 00:00:00  
4           2018-02-26 00:00:00  

Numeric statistics:
                                order_id                       customer_id  \
count                              99441                             99441   
unique                             99441                             99441   
top     e481f51cbdc54678b7cc49136f2d6af7  9ef432eb6251297304e76186b10a928d   
freq                                   1                                 1   

       order_status order_purchase_timestamp    order_approved_at  \
count         99441                    99441                99281   
unique            8                    98875                90733   
top       delivered      2018-03-31 15:08:21  2018-02-27 04:31:10   
freq          96478                        3                    9   

       order_delivered_carrier_date order_delivered_customer_date  \
count                         97658                         96476   
unique                        81018                         95664   
top             2018-05-09 15:48:00           2018-05-14 20:02:44   
freq                             47                             3   

       order_estimated_delivery_date  
count                          99441  
unique                           459  
top              2017-12-20 00:00:00  
freq                             522  

--- Duplicates ---
Duplicate rows: 0
order_id: 0 duplicate values
customer_id: 0 duplicate values
order_status: 99,433 duplicate values
order_purchase_timestamp: 566 duplicate values
order_approved_at: 8,707 duplicate values
order_delivered_carrier_date: 18,422 duplicate values
order_delivered_customer_date: 3,776 duplicate values
order_estimated_delivery_date: 98,982 duplicate values

============================================================
FILE: olist_order_items_dataset.csv
============================================================
Shape: (112650, 7)

Columns:
['order_id', 'order_item_id', 'product_id', 'seller_id', 'shipping_limit_date', 'price', 'freight_value']

Data types:
order_id                   str
order_item_id            int64
product_id                 str
seller_id                  str
shipping_limit_date        str
price                  float64
freight_value          float64
dtype: object

Missing values:
order_id               0
order_item_id          0
product_id             0
seller_id              0
shipping_limit_date    0
price                  0
freight_value          0
dtype: int64

First 5 rows:
                           order_id  order_item_id  \
0  00010242fe8c5a6d1ba2dd792cb16214              1   
1  00018f77f2f0320c557190d7a144bdd3              1   
2  000229ec398224ef6ca0657da4fc703e              1   
3  00024acbcdf0a6daa1e931b038114c75              1   
4  00042b26cf59d7ce69dfabb4e55b4fd9              1   

                         product_id                         seller_id  \
0  4244733e06e7ecb4970a6e2683c13e61  48436dade18ac8b2bce089ec2a041202   
1  e5f2d52b802189ee658865ca93d83a8f  dd7ddc04e1b6c2c614352b383efe2d36   
2  c777355d18b72b67abbeef9df44fd0fd  5b51032eddd242adc84c38acab88f23d   
3  7634da152a4610f1595efa32f14722fc  9d7a1d34a5052409006425275ba1c2b4   
4  ac6c3623068f30de03045865e4e10089  df560393f3a51e74553ab94004ba5c87   

   shipping_limit_date   price  freight_value  
0  2017-09-19 09:45:35   58.90          13.29  
1  2017-05-03 11:05:13  239.90          19.93  
2  2018-01-18 14:48:30  199.00          17.87  
3  2018-08-15 10:10:18   12.99          12.79  
4  2017-02-13 13:57:51  199.90          18.14  

Numeric statistics:
       order_item_id          price  freight_value
count  112650.000000  112650.000000  112650.000000
mean        1.197834     120.653739      19.990320
std         0.705124     183.633928      15.806405
min         1.000000       0.850000       0.000000
25%         1.000000      39.900000      13.080000
50%         1.000000      74.990000      16.260000
75%         1.000000     134.900000      21.150000
max        21.000000    6735.000000     409.680000

--- Duplicates ---
Duplicate rows: 0
order_id: 13,984 duplicate values
order_item_id: 112,629 duplicate values
product_id: 79,699 duplicate values
seller_id: 109,555 duplicate values
shipping_limit_date: 19,332 duplicate values
price: 106,682 duplicate values
freight_value: 105,651 duplicate values

============================================================
FILE: olist_order_payments_dataset.csv
============================================================
Shape: (103886, 5)

Columns:
['order_id', 'payment_sequential', 'payment_type', 'payment_installments', 'payment_value']

Data types:
order_id                    str
payment_sequential        int64
payment_type                str
payment_installments      int64
payment_value           float64
dtype: object

Missing values:
order_id                0
payment_sequential      0
payment_type            0
payment_installments    0
payment_value           0
dtype: int64

First 5 rows:
                           order_id  payment_sequential payment_type  \
0  b81ef226f3fe1789b1e8b2acac839d17                   1  credit_card   
1  a9810da82917af2d9aefd1278f1dcfa0                   1  credit_card   
2  25e8ea4e93396b6fa0d3dd708e76c1bd                   1  credit_card   
3  ba78997921bbcdc1373bb41e913ab953                   1  credit_card   
4  42fdf880ba16b47b59251dd489d4441a                   1  credit_card   

   payment_installments  payment_value  
0                     8          99.33  
1                     1          24.39  
2                     1          65.71  
3                     8         107.78  
4                     2         128.45  

Numeric statistics:
       payment_sequential  payment_installments  payment_value
count       103886.000000         103886.000000  103886.000000
mean             1.092679              2.853349     154.100380
std              0.706584              2.687051     217.494064
min              1.000000              0.000000       0.000000
25%              1.000000              1.000000      56.790000
50%              1.000000              1.000000     100.000000
75%              1.000000              4.000000     171.837500
max             29.000000             24.000000   13664.080000

--- Duplicates ---
Duplicate rows: 0
order_id: 4,446 duplicate values
payment_sequential: 103,857 duplicate values
payment_type: 103,881 duplicate values
payment_installments: 103,862 duplicate values
payment_value: 74,809 duplicate values

============================================================
FILE: olist_order_reviews_dataset.csv
============================================================
Shape: (99224, 7)

Columns:
['review_id', 'order_id', 'review_score', 'review_comment_title', 'review_comment_message', 'review_creation_date', 'review_answer_timestamp']

Data types:
review_id                    str
order_id                     str
review_score               int64
review_comment_title         str
review_comment_message       str
review_creation_date         str
review_answer_timestamp      str
dtype: object

Missing values:
review_id                      0
order_id                       0
review_score                   0
review_comment_title       87656
review_comment_message     58247
review_creation_date           0
review_answer_timestamp        0
dtype: int64

First 5 rows:
                          review_id                          order_id  \
0  7bc2406110b926393aa56f80a40eba40  73fc7af87114b39712e6da79b0a377eb   
1  80e641a11e56f04c1ad469d5645fdfde  a548910a1c6147796b98fdf73dbeba33   
2  228ce5500dc1d8e020d8d1322874b6f0  f9e4b658b201a9f2ecdecbb34bed034b   
3  e64fb393e7b32834bb789ff8bb30750e  658677c97b385a9be170737859d3511b   
4  f7c4243c7fe1938f181bec41a392bdeb  8e6bfb81e283fa7e4f11123a3fb894f1   

   review_score review_comment_title  \
0             4                  NaN   
1             5                  NaN   
2             5                  NaN   
3             5                  NaN   
4             5                  NaN   

                              review_comment_message review_creation_date  \
0                                                NaN  2018-01-18 00:00:00   
1                                                NaN  2018-03-10 00:00:00   
2                                                NaN  2018-02-17 00:00:00   
3              Recebi bem antes do prazo estipulado.  2017-04-21 00:00:00   
4  Parabéns lojas lannister adorei comprar pela I...  2018-03-01 00:00:00   

  review_answer_timestamp  
0     2018-01-18 21:46:59  
1     2018-03-11 03:05:13  
2     2018-02-18 14:36:24  
3     2017-04-21 22:02:06  
4     2018-03-02 10:26:53  

Numeric statistics:
       review_score
count  99224.000000
mean       4.086421
std        1.347579
min        1.000000
25%        4.000000
50%        5.000000
75%        5.000000
max        5.000000

--- Duplicates ---
Duplicate rows: 0
review_id: 814 duplicate values
order_id: 551 duplicate values
review_score: 99,219 duplicate values
review_comment_title: 94,696 duplicate values
review_comment_message: 63,064 duplicate values
review_creation_date: 98,588 duplicate values
review_answer_timestamp: 976 duplicate values

============================================================
FILE: olist_products_dataset.csv
============================================================
Shape: (32951, 9)

Columns:
['product_id', 'product_category_name', 'product_name_lenght', 'product_description_lenght', 'product_photos_qty', 'product_weight_g', 'product_length_cm', 'product_height_cm', 'product_width_cm']

Data types:
product_id                        str
product_category_name             str
product_name_lenght           float64
product_description_lenght    float64
product_photos_qty            float64
product_weight_g              float64
product_length_cm             float64
product_height_cm             float64
product_width_cm              float64
dtype: object

Missing values:
product_id                      0
product_category_name         610
product_name_lenght           610
product_description_lenght    610
product_photos_qty            610
product_weight_g                2
product_length_cm               2
product_height_cm               2
product_width_cm                2
dtype: int64

First 5 rows:
                         product_id  product_category_name  \
0  1e9e8ef04dbcff4541ed26657ea517e5             perfumaria   
1  3aa071139cb16b67ca9e5dea641aaa2f                  artes   
2  96bd76ec8810374ed1b65e291975717f          esporte_lazer   
3  cef67bcfe19066a932b7673e239eb23d                  bebes   
4  9dc1a7de274444849c219cff195d0b71  utilidades_domesticas   

   product_name_lenght  product_description_lenght  product_photos_qty  \
0                 40.0                       287.0                 1.0   
1                 44.0                       276.0                 1.0   
2                 46.0                       250.0                 1.0   
3                 27.0                       261.0                 1.0   
4                 37.0                       402.0                 4.0   

   product_weight_g  product_length_cm  product_height_cm  product_width_cm  
0             225.0               16.0               10.0              14.0  
1            1000.0               30.0               18.0              20.0  
2             154.0               18.0                9.0              15.0  
3             371.0               26.0                4.0              26.0  
4             625.0               20.0               17.0              13.0  

Numeric statistics:
       product_name_lenght  product_description_lenght  product_photos_qty  \
count         32341.000000                32341.000000        32341.000000   
mean             48.476949                  771.495285            2.188986   
std              10.245741                  635.115225            1.736766   
min               5.000000                    4.000000            1.000000   
25%              42.000000                  339.000000            1.000000   
50%              51.000000                  595.000000            1.000000   
75%              57.000000                  972.000000            3.000000   
max              76.000000                 3992.000000           20.000000   

       product_weight_g  product_length_cm  product_height_cm  \
count      32949.000000       32949.000000       32949.000000   
mean        2276.472488          30.815078          16.937661   
std         4282.038731          16.914458          13.637554   
min            0.000000           7.000000           2.000000   
25%          300.000000          18.000000           8.000000   
50%          700.000000          25.000000          13.000000   
75%         1900.000000          38.000000          21.000000   
max        40425.000000         105.000000         105.000000   

       product_width_cm  
count      32949.000000  
mean          23.196728  
std           12.079047  
min            6.000000  
25%           15.000000  
50%           20.000000  
75%           30.000000  
max          118.000000  

--- Duplicates ---
Duplicate rows: 0
product_id: 0 duplicate values
product_category_name: 32,877 duplicate values
product_name_lenght: 32,884 duplicate values
product_description_lenght: 29,990 duplicate values
product_photos_qty: 32,931 duplicate values
product_weight_g: 30,746 duplicate values
product_length_cm: 32,851 duplicate values
product_height_cm: 32,848 duplicate values
product_width_cm: 32,855 duplicate values

============================================================
FILE: olist_sellers_dataset.csv
============================================================
Shape: (3095, 4)

Columns:
['seller_id', 'seller_zip_code_prefix', 'seller_city', 'seller_state']

Data types:
seller_id                   str
seller_zip_code_prefix    int64
seller_city                 str
seller_state                str
dtype: object

Missing values:
seller_id                 0
seller_zip_code_prefix    0
seller_city               0
seller_state              0
dtype: int64

First 5 rows:
                          seller_id  seller_zip_code_prefix  \
0  3442f8959a84dea7ee197c632cb2df15                   13023   
1  d1b65fc7debc3361ea86b5f14c68d2e2                   13844   
2  ce3ad9de960102d0677a81f5d0bb7b2d                   20031   
3  c0f3eea2e14555b6faeea3dd58c1b1c3                    4195   
4  51a04a8a6bdcb23deccc82b0b80742cf                   12914   

         seller_city seller_state  
0           campinas           SP  
1         mogi guacu           SP  
2     rio de janeiro           RJ  
3          sao paulo           SP  
4  braganca paulista           SP  

Numeric statistics:
       seller_zip_code_prefix
count             3095.000000
mean             32291.059451
std              32713.453830
min               1001.000000
25%               7093.500000
50%              14940.000000
75%              64552.500000
max              99730.000000

--- Duplicates ---
Duplicate rows: 0
seller_id: 0 duplicate values
seller_zip_code_prefix: 849 duplicate values
seller_city: 2,484 duplicate values
seller_state: 3,072 duplicate values

============================================================
FILE: product_category_name_translation.csv
============================================================
Shape: (71, 2)

Columns:
['product_category_name', 'product_category_name_english']

Data types:
product_category_name            str
product_category_name_english    str
dtype: object

Missing values:
product_category_name            0
product_category_name_english    0
dtype: int64

First 5 rows:
    product_category_name product_category_name_english
0            beleza_saude                 health_beauty
1  informatica_acessorios         computers_accessories
2              automotivo                          auto
3         cama_mesa_banho                bed_bath_table
4        moveis_decoracao               furniture_decor

Numeric statistics:
       product_category_name product_category_name_english
count                     71                            71
unique                    71                            71
top             beleza_saude                 health_beauty
freq                       1                             1

--- Duplicates ---
Duplicate rows: 0
product_category_name: 0 duplicate values
product_category_name_english: 0 duplicate values
dict_keys(['olist_customers_dataset', 'olist_geolocation_dataset', 'olist_orders_dataset', 'olist_order_items_dataset', 'olist_order_payments_dataset', 'olist_order_reviews_dataset', 'olist_products_dataset', 'olist_sellers_dataset', 'product_category_name_translation'])
{'_id': ObjectId('6aacf4303dd88d759666cf53'), 'order_id': 'e481f51cbdc54678b7cc49136f2d6af7', 'customer_id': '9ef432eb6251297304e76186b10a928d', 'order_status': 'delivered', 'order_purchase_timestamp': '2017-10-02 10:56:33', 'order_approved_at': '2017-10-02 11:07:15', 'order_delivered_carrier_date': '2017-10-04 19:55:00', 'order_delivered_customer_date': '2017-10-10 21:25:13', 'order_estimated_delivery_date': '2017-10-18 00:00:00'}
{'_id': ObjectId('6aacf4303dd88d759666cf54'), 'order_id': '53cdb2fc8bc7dce0b6741e2150273451', 'customer_id': 'b0830fb4747a6c6d20dea0b8c802d7ef', 'order_status': 'delivered', 'order_purchase_timestamp': '2018-07-24 20:41:37', 'order_approved_at': '2018-07-26 03:24:27', 'order_delivered_carrier_date': '2018-07-26 14:31:00', 'order_delivered_customer_date': '2018-08-07 15:27:45', 'order_estimated_delivery_date': '2018-08-13 00:00:00'}
{'_id': ObjectId('6aacf4303dd88d759666cf55'), 'order_id': '47770eb9100c2d0c44946d9cf07ec65d', 'customer_id': '41ce2a54c0b03bf3443c3d931a367089', 'order_status': 'delivered', 'order_purchase_timestamp': '2018-08-08 08:38:49', 'order_approved_at': '2018-08-08 08:55:23', 'order_delivered_carrier_date': '2018-08-08 13:50:00', 'order_delivered_customer_date': '2018-08-17 18:06:29', 'order_estimated_delivery_date': '2018-09-04 00:00:00'}
{'_id': ObjectId('6aacf4303dd88d759666cf56'), 'order_id': '949d5b44dbf5de918fe9c16f97b45f8a', 'customer_id': 'f88197465ea7920adcdbec7375364d82', 'order_status': 'delivered', 'order_purchase_timestamp': '2017-11-18 19:28:06', 'order_approved_at': '2017-11-18 19:45:59', 'order_delivered_carrier_date': '2017-11-22 13:39:59', 'order_delivered_customer_date': '2017-12-02 00:28:42', 'order_estimated_delivery_date': '2017-12-15 00:00:00'}
{'_id': ObjectId('6aacf4303dd88d759666cf57'), 'order_id': 'ad21c59c0840e6cb83a9ceb5573f8159', 'customer_id': '8ab97904e6daea8866dbdbc4fb7aad2c', 'order_status': 'delivered', 'order_purchase_timestamp': '2018-02-13 21:18:39', 'order_approved_at': '2018-02-13 22:20:29', 'order_delivered_carrier_date': '2018-02-14 19:46:34', 'order_delivered_customer_date': '2018-02-16 18:17:02', 'order_estimated_delivery_date': '2018-02-26 00:00:00'}
{'_id': ObjectId('6aacf438342e44e218ee1487'), 'order_id': 'e481f51cbdc54678b7cc49136f2d6af7', 'customer_id': '9ef432eb6251297304e76186b10a928d', 'order_status': 'delivered', 'order_purchase_timestamp': '2017-10-02 10:56:33', 'order_approved_at': '2017-10-02 11:07:15', 'order_delivered_carrier_date': '2017-10-04 19:55:00', 'order_delivered_customer_date': '2017-10-10 21:25:13', 'order_estimated_delivery_date': '2017-10-18 00:00:00', 'payments': {'order_id': 'e481f51cbdc54678b7cc49136f2d6af7', 'payment_sequential': 1, 'payment_type': 'credit_card', 'payment_installments': 1, 'payment_value': 18.12}}
{'_id': ObjectId('6aacf438342e44e218ee1488'), 'order_id': 'e481f51cbdc54678b7cc49136f2d6af7', 'customer_id': '9ef432eb6251297304e76186b10a928d', 'order_status': 'delivered', 'order_purchase_timestamp': '2017-10-02 10:56:33', 'order_approved_at': '2017-10-02 11:07:15', 'order_delivered_carrier_date': '2017-10-04 19:55:00', 'order_delivered_customer_date': '2017-10-10 21:25:13', 'order_estimated_delivery_date': '2017-10-18 00:00:00', 'payments': {'order_id': 'e481f51cbdc54678b7cc49136f2d6af7', 'payment_sequential': 3, 'payment_type': 'voucher', 'payment_installments': 1, 'payment_value': 2.0}}
{'_id': ObjectId('6aacf438342e44e218ee1489'), 'order_id': 'e481f51cbdc54678b7cc49136f2d6af7', 'customer_id': '9ef432eb6251297304e76186b10a928d', 'order_status': 'delivered', 'order_purchase_timestamp': '2017-10-02 10:56:33', 'order_approved_at': '2017-10-02 11:07:15', 'order_delivered_carrier_date': '2017-10-04 19:55:00', 'order_delivered_customer_date': '2017-10-10 21:25:13', 'order_estimated_delivery_date': '2017-10-18 00:00:00', 'payments': {'order_id': 'e481f51cbdc54678b7cc49136f2d6af7', 'payment_sequential': 2, 'payment_type': 'voucher', 'payment_installments': 1, 'payment_value': 18.59}}
{'_id': ObjectId('6aacf438342e44e218ee148a'), 'order_id': '53cdb2fc8bc7dce0b6741e2150273451', 'customer_id': 'b0830fb4747a6c6d20dea0b8c802d7ef', 'order_status': 'delivered', 'order_purchase_timestamp': '2018-07-24 20:41:37', 'order_approved_at': '2018-07-26 03:24:27', 'order_delivered_carrier_date': '2018-07-26 14:31:00', 'order_delivered_customer_date': '2018-08-07 15:27:45', 'order_estimated_delivery_date': '2018-08-13 00:00:00', 'payments': {'order_id': '53cdb2fc8bc7dce0b6741e2150273451', 'payment_sequential': 1, 'payment_type': 'boleto', 'payment_installments': 1, 'payment_value': 141.46}}
{'_id': ObjectId('6aacf438342e44e218ee148b'), 'order_id': '47770eb9100c2d0c44946d9cf07ec65d', 'customer_id': '41ce2a54c0b03bf3443c3d931a367089', 'order_status': 'delivered', 'order_purchase_timestamp': '2018-08-08 08:38:49', 'order_approved_at': '2018-08-08 08:55:23', 'order_delivered_carrier_date': '2018-08-08 13:50:00', 'order_delivered_customer_date': '2018-08-17 18:06:29', 'order_estimated_delivery_date': '2018-09-04 00:00:00', 'payments': {'order_id': '47770eb9100c2d0c44946d9cf07ec65d', 'payment_sequential': 1, 'payment_type': 'credit_card', 'payment_installments': 3, 'payment_value': 179.12}}
{'_id': ObjectId('6aacf447342e44e218efaa55'), 'order_id': 'e481f51cbdc54678b7cc49136f2d6af7', 'customer_id': '9ef432eb6251297304e76186b10a928d', 'order_status': 'delivered', 'order_purchase_timestamp': '2017-10-02 10:56:33', 'order_approved_at': '2017-10-02 11:07:15', 'order_delivered_carrier_date': '2017-10-04 19:55:00', 'order_delivered_customer_date': '2017-10-10 21:25:13', 'order_estimated_delivery_date': '2017-10-18 00:00:00', 'payments': {'order_id': 'e481f51cbdc54678b7cc49136f2d6af7', 'payment_sequential': 1, 'payment_type': 'credit_card', 'payment_installments': 1, 'payment_value': 18.12}, 'items': {'order_id': 'e481f51cbdc54678b7cc49136f2d6af7', 'order_item_id': 1, 'product_id': '87285b34884572647811a353c7ac498a', 'seller_id': '3504c0cb71d7fa48d967e0e4c94d59d9', 'shipping_limit_date': '2017-10-06 11:07:15', 'price': 29.99, 'freight_value': 8.72}}
{'_id': ObjectId('6aacf447342e44e218efaa56'), 'order_id': 'e481f51cbdc54678b7cc49136f2d6af7', 'customer_id': '9ef432eb6251297304e76186b10a928d', 'order_status': 'delivered', 'order_purchase_timestamp': '2017-10-02 10:56:33', 'order_approved_at': '2017-10-02 11:07:15', 'order_delivered_carrier_date': '2017-10-04 19:55:00', 'order_delivered_customer_date': '2017-10-10 21:25:13', 'order_estimated_delivery_date': '2017-10-18 00:00:00', 'payments': {'order_id': 'e481f51cbdc54678b7cc49136f2d6af7', 'payment_sequential': 3, 'payment_type': 'voucher', 'payment_installments': 1, 'payment_value': 2.0}, 'items': {'order_id': 'e481f51cbdc54678b7cc49136f2d6af7', 'order_item_id': 1, 'product_id': '87285b34884572647811a353c7ac498a', 'seller_id': '3504c0cb71d7fa48d967e0e4c94d59d9', 'shipping_limit_date': '2017-10-06 11:07:15', 'price': 29.99, 'freight_value': 8.72}}
{'_id': ObjectId('6aacf447342e44e218efaa57'), 'order_id': 'e481f51cbdc54678b7cc49136f2d6af7', 'customer_id': '9ef432eb6251297304e76186b10a928d', 'order_status': 'delivered', 'order_purchase_timestamp': '2017-10-02 10:56:33', 'order_approved_at': '2017-10-02 11:07:15', 'order_delivered_carrier_date': '2017-10-04 19:55:00', 'order_delivered_customer_date': '2017-10-10 21:25:13', 'order_estimated_delivery_date': '2017-10-18 00:00:00', 'payments': {'order_id': 'e481f51cbdc54678b7cc49136f2d6af7', 'payment_sequential': 2, 'payment_type': 'voucher', 'payment_installments': 1, 'payment_value': 18.59}, 'items': {'order_id': 'e481f51cbdc54678b7cc49136f2d6af7', 'order_item_id': 1, 'product_id': '87285b34884572647811a353c7ac498a', 'seller_id': '3504c0cb71d7fa48d967e0e4c94d59d9', 'shipping_limit_date': '2017-10-06 11:07:15', 'price': 29.99, 'freight_value': 8.72}}
{'_id': ObjectId('6aacf447342e44e218efaa58'), 'order_id': '53cdb2fc8bc7dce0b6741e2150273451', 'customer_id': 'b0830fb4747a6c6d20dea0b8c802d7ef', 'order_status': 'delivered', 'order_purchase_timestamp': '2018-07-24 20:41:37', 'order_approved_at': '2018-07-26 03:24:27', 'order_delivered_carrier_date': '2018-07-26 14:31:00', 'order_delivered_customer_date': '2018-08-07 15:27:45', 'order_estimated_delivery_date': '2018-08-13 00:00:00', 'payments': {'order_id': '53cdb2fc8bc7dce0b6741e2150273451', 'payment_sequential': 1, 'payment_type': 'boleto', 'payment_installments': 1, 'payment_value': 141.46}, 'items': {'order_id': '53cdb2fc8bc7dce0b6741e2150273451', 'order_item_id': 1, 'product_id': '595fac2a385ac33a80bd5114aec74eb8', 'seller_id': '289cdb325fb7e7f891c38608bf9e0962', 'shipping_limit_date': '2018-07-30 03:24:27', 'price': 118.7, 'freight_value': 22.76}}
{'_id': ObjectId('6aacf447342e44e218efaa59'), 'order_id': '47770eb9100c2d0c44946d9cf07ec65d', 'customer_id': '41ce2a54c0b03bf3443c3d931a367089', 'order_status': 'delivered', 'order_purchase_timestamp': '2018-08-08 08:38:49', 'order_approved_at': '2018-08-08 08:55:23', 'order_delivered_carrier_date': '2018-08-08 13:50:00', 'order_delivered_customer_date': '2018-08-17 18:06:29', 'order_estimated_delivery_date': '2018-09-04 00:00:00', 'payments': {'order_id': '47770eb9100c2d0c44946d9cf07ec65d', 'payment_sequential': 1, 'payment_type': 'credit_card', 'payment_installments': 3, 'payment_value': 179.12}, 'items': {'order_id': '47770eb9100c2d0c44946d9cf07ec65d', 'order_item_id': 1, 'product_id': 'aa4383b373c6aca5d8797843e5594415', 'seller_id': '4869f7a5dfa277a7dca6462dcf3b52b2', 'shipping_limit_date': '2018-08-13 08:55:23', 'price': 159.9, 'freight_value': 19.22}}
{'_id': ObjectId('6aacf459342e44e218f175b6'), 'order_id': 'e481f51cbdc54678b7cc49136f2d6af7', 'customer_id': '9ef432eb6251297304e76186b10a928d', 'order_status': 'delivered', 'order_purchase_timestamp': '2017-10-02 10:56:33', 'order_approved_at': '2017-10-02 11:07:15', 'order_delivered_carrier_date': '2017-10-04 19:55:00', 'order_delivered_customer_date': '2017-10-10 21:25:13', 'order_estimated_delivery_date': '2017-10-18 00:00:00', 'payments': {'order_id': 'e481f51cbdc54678b7cc49136f2d6af7', 'payment_sequential': 1, 'payment_type': 'credit_card', 'payment_installments': 1, 'payment_value': 18.12}, 'items': {'order_id': 'e481f51cbdc54678b7cc49136f2d6af7', 'order_item_id': 1, 'product_id': '87285b34884572647811a353c7ac498a', 'seller_id': '3504c0cb71d7fa48d967e0e4c94d59d9', 'shipping_limit_date': '2017-10-06 11:07:15', 'price': 29.99, 'freight_value': 8.72}, 'reviews': {'review_id': 'a54f0611adc9ed256b57ede6b6eb5114', 'order_id': 'e481f51cbdc54678b7cc49136f2d6af7', 'review_score': 4, 'review_comment_title': nan, 'review_comment_message': 'Não testei o produto ainda, mas ele veio correto e em boas condições. Apenas a caixa que veio bem amassada e danificada, o que ficará chato, pois se trata de um presente.', 'review_creation_date': '2017-10-11 00:00:00', 'review_answer_timestamp': '2017-10-12 03:43:48'}}
{'_id': ObjectId('6aacf459342e44e218f175b7'), 'order_id': 'e481f51cbdc54678b7cc49136f2d6af7', 'customer_id': '9ef432eb6251297304e76186b10a928d', 'order_status': 'delivered', 'order_purchase_timestamp': '2017-10-02 10:56:33', 'order_approved_at': '2017-10-02 11:07:15', 'order_delivered_carrier_date': '2017-10-04 19:55:00', 'order_delivered_customer_date': '2017-10-10 21:25:13', 'order_estimated_delivery_date': '2017-10-18 00:00:00', 'payments': {'order_id': 'e481f51cbdc54678b7cc49136f2d6af7', 'payment_sequential': 3, 'payment_type': 'voucher', 'payment_installments': 1, 'payment_value': 2.0}, 'items': {'order_id': 'e481f51cbdc54678b7cc49136f2d6af7', 'order_item_id': 1, 'product_id': '87285b34884572647811a353c7ac498a', 'seller_id': '3504c0cb71d7fa48d967e0e4c94d59d9', 'shipping_limit_date': '2017-10-06 11:07:15', 'price': 29.99, 'freight_value': 8.72}, 'reviews': {'review_id': 'a54f0611adc9ed256b57ede6b6eb5114', 'order_id': 'e481f51cbdc54678b7cc49136f2d6af7', 'review_score': 4, 'review_comment_title': nan, 'review_comment_message': 'Não testei o produto ainda, mas ele veio correto e em boas condições. Apenas a caixa que veio bem amassada e danificada, o que ficará chato, pois se trata de um presente.', 'review_creation_date': '2017-10-11 00:00:00', 'review_answer_timestamp': '2017-10-12 03:43:48'}}
{'_id': ObjectId('6aacf459342e44e218f175b8'), 'order_id': 'e481f51cbdc54678b7cc49136f2d6af7', 'customer_id': '9ef432eb6251297304e76186b10a928d', 'order_status': 'delivered', 'order_purchase_timestamp': '2017-10-02 10:56:33', 'order_approved_at': '2017-10-02 11:07:15', 'order_delivered_carrier_date': '2017-10-04 19:55:00', 'order_delivered_customer_date': '2017-10-10 21:25:13', 'order_estimated_delivery_date': '2017-10-18 00:00:00', 'payments': {'order_id': 'e481f51cbdc54678b7cc49136f2d6af7', 'payment_sequential': 2, 'payment_type': 'voucher', 'payment_installments': 1, 'payment_value': 18.59}, 'items': {'order_id': 'e481f51cbdc54678b7cc49136f2d6af7', 'order_item_id': 1, 'product_id': '87285b34884572647811a353c7ac498a', 'seller_id': '3504c0cb71d7fa48d967e0e4c94d59d9', 'shipping_limit_date': '2017-10-06 11:07:15', 'price': 29.99, 'freight_value': 8.72}, 'reviews': {'review_id': 'a54f0611adc9ed256b57ede6b6eb5114', 'order_id': 'e481f51cbdc54678b7cc49136f2d6af7', 'review_score': 4, 'review_comment_title': nan, 'review_comment_message': 'Não testei o produto ainda, mas ele veio correto e em boas condições. Apenas a caixa que veio bem amassada e danificada, o que ficará chato, pois se trata de um presente.', 'review_creation_date': '2017-10-11 00:00:00', 'review_answer_timestamp': '2017-10-12 03:43:48'}}
{'_id': ObjectId('6aacf459342e44e218f175b9'), 'order_id': '53cdb2fc8bc7dce0b6741e2150273451', 'customer_id': 'b0830fb4747a6c6d20dea0b8c802d7ef', 'order_status': 'delivered', 'order_purchase_timestamp': '2018-07-24 20:41:37', 'order_approved_at': '2018-07-26 03:24:27', 'order_delivered_carrier_date': '2018-07-26 14:31:00', 'order_delivered_customer_date': '2018-08-07 15:27:45', 'order_estimated_delivery_date': '2018-08-13 00:00:00', 'payments': {'order_id': '53cdb2fc8bc7dce0b6741e2150273451', 'payment_sequential': 1, 'payment_type': 'boleto', 'payment_installments': 1, 'payment_value': 141.46}, 'items': {'order_id': '53cdb2fc8bc7dce0b6741e2150273451', 'order_item_id': 1, 'product_id': '595fac2a385ac33a80bd5114aec74eb8', 'seller_id': '289cdb325fb7e7f891c38608bf9e0962', 'shipping_limit_date': '2018-07-30 03:24:27', 'price': 118.7, 'freight_value': 22.76}, 'reviews': {'review_id': '8d5266042046a06655c8db133d120ba5', 'order_id': '53cdb2fc8bc7dce0b6741e2150273451', 'review_score': 4, 'review_comment_title': 'Muito boa a loja', 'review_comment_message': 'Muito bom o produto.', 'review_creation_date': '2018-08-08 00:00:00', 'review_answer_timestamp': '2018-08-08 18:37:50'}}
{'_id': ObjectId('6aacf459342e44e218f175ba'), 'order_id': '47770eb9100c2d0c44946d9cf07ec65d', 'customer_id': '41ce2a54c0b03bf3443c3d931a367089', 'order_status': 'delivered', 'order_purchase_timestamp': '2018-08-08 08:38:49', 'order_approved_at': '2018-08-08 08:55:23', 'order_delivered_carrier_date': '2018-08-08 13:50:00', 'order_delivered_customer_date': '2018-08-17 18:06:29', 'order_estimated_delivery_date': '2018-09-04 00:00:00', 'payments': {'order_id': '47770eb9100c2d0c44946d9cf07ec65d', 'payment_sequential': 1, 'payment_type': 'credit_card', 'payment_installments': 3, 'payment_value': 179.12}, 'items': {'order_id': '47770eb9100c2d0c44946d9cf07ec65d', 'order_item_id': 1, 'product_id': 'aa4383b373c6aca5d8797843e5594415', 'seller_id': '4869f7a5dfa277a7dca6462dcf3b52b2', 'shipping_limit_date': '2018-08-13 08:55:23', 'price': 159.9, 'freight_value': 19.22}, 'reviews': {'review_id': 'e73b67b67587f7644d5bd1a52deb1b01', 'order_id': '47770eb9100c2d0c44946d9cf07ec65d', 'review_score': 5, 'review_comment_title': nan, 'review_comment_message': nan, 'review_creation_date': '2018-08-18 00:00:00', 'review_answer_timestamp': '2018-08-22 19:07:58'}}
{'_id': ObjectId('6aacf46c342e44e218f34007'), 'order_id': 'e481f51cbdc54678b7cc49136f2d6af7', 'customer_id': '9ef432eb6251297304e76186b10a928d', 'order_status': 'delivered', 'order_purchase_timestamp': '2017-10-02 10:56:33', 'order_approved_at': '2017-10-02 11:07:15', 'order_delivered_carrier_date': '2017-10-04 19:55:00', 'order_delivered_customer_date': '2017-10-10 21:25:13', 'order_estimated_delivery_date': '2017-10-18 00:00:00', 'payments': {'order_id': 'e481f51cbdc54678b7cc49136f2d6af7', 'payment_sequential': 1, 'payment_type': 'credit_card', 'payment_installments': 1, 'payment_value': 18.12}, 'items': {'order_id': 'e481f51cbdc54678b7cc49136f2d6af7', 'order_item_id': 1, 'product_id': '87285b34884572647811a353c7ac498a', 'seller_id': '3504c0cb71d7fa48d967e0e4c94d59d9', 'shipping_limit_date': '2017-10-06 11:07:15', 'price': 29.99, 'freight_value': 8.72}, 'reviews': {'review_id': 'a54f0611adc9ed256b57ede6b6eb5114', 'order_id': 'e481f51cbdc54678b7cc49136f2d6af7', 'review_score': 4, 'review_comment_title': nan, 'review_comment_message': 'Não testei o produto ainda, mas ele veio correto e em boas condições. Apenas a caixa que veio bem amassada e danificada, o que ficará chato, pois se trata de um presente.', 'review_creation_date': '2017-10-11 00:00:00', 'review_answer_timestamp': '2017-10-12 03:43:48'}, 'order_to_customer': {'customer_id': '9ef432eb6251297304e76186b10a928d', 'customer_unique_id': '7c396fd4830fd04220f754e42b4e5bff', 'customer_zip_code_prefix': 3149, 'customer_city': 'sao paulo', 'customer_state': 'SP'}}
{'_id': ObjectId('6aacf46c342e44e218f34008'), 'order_id': 'e481f51cbdc54678b7cc49136f2d6af7', 'customer_id': '9ef432eb6251297304e76186b10a928d', 'order_status': 'delivered', 'order_purchase_timestamp': '2017-10-02 10:56:33', 'order_approved_at': '2017-10-02 11:07:15', 'order_delivered_carrier_date': '2017-10-04 19:55:00', 'order_delivered_customer_date': '2017-10-10 21:25:13', 'order_estimated_delivery_date': '2017-10-18 00:00:00', 'payments': {'order_id': 'e481f51cbdc54678b7cc49136f2d6af7', 'payment_sequential': 3, 'payment_type': 'voucher', 'payment_installments': 1, 'payment_value': 2.0}, 'items': {'order_id': 'e481f51cbdc54678b7cc49136f2d6af7', 'order_item_id': 1, 'product_id': '87285b34884572647811a353c7ac498a', 'seller_id': '3504c0cb71d7fa48d967e0e4c94d59d9', 'shipping_limit_date': '2017-10-06 11:07:15', 'price': 29.99, 'freight_value': 8.72}, 'reviews': {'review_id': 'a54f0611adc9ed256b57ede6b6eb5114', 'order_id': 'e481f51cbdc54678b7cc49136f2d6af7', 'review_score': 4, 'review_comment_title': nan, 'review_comment_message': 'Não testei o produto ainda, mas ele veio correto e em boas condições. Apenas a caixa que veio bem amassada e danificada, o que ficará chato, pois se trata de um presente.', 'review_creation_date': '2017-10-11 00:00:00', 'review_answer_timestamp': '2017-10-12 03:43:48'}, 'order_to_customer': {'customer_id': '9ef432eb6251297304e76186b10a928d', 'customer_unique_id': '7c396fd4830fd04220f754e42b4e5bff', 'customer_zip_code_prefix': 3149, 'customer_city': 'sao paulo', 'customer_state': 'SP'}}
{'_id': ObjectId('6aacf46c342e44e218f34009'), 'order_id': 'e481f51cbdc54678b7cc49136f2d6af7', 'customer_id': '9ef432eb6251297304e76186b10a928d', 'order_status': 'delivered', 'order_purchase_timestamp': '2017-10-02 10:56:33', 'order_approved_at': '2017-10-02 11:07:15', 'order_delivered_carrier_date': '2017-10-04 19:55:00', 'order_delivered_customer_date': '2017-10-10 21:25:13', 'order_estimated_delivery_date': '2017-10-18 00:00:00', 'payments': {'order_id': 'e481f51cbdc54678b7cc49136f2d6af7', 'payment_sequential': 2, 'payment_type': 'voucher', 'payment_installments': 1, 'payment_value': 18.59}, 'items': {'order_id': 'e481f51cbdc54678b7cc49136f2d6af7', 'order_item_id': 1, 'product_id': '87285b34884572647811a353c7ac498a', 'seller_id': '3504c0cb71d7fa48d967e0e4c94d59d9', 'shipping_limit_date': '2017-10-06 11:07:15', 'price': 29.99, 'freight_value': 8.72}, 'reviews': {'review_id': 'a54f0611adc9ed256b57ede6b6eb5114', 'order_id': 'e481f51cbdc54678b7cc49136f2d6af7', 'review_score': 4, 'review_comment_title': nan, 'review_comment_message': 'Não testei o produto ainda, mas ele veio correto e em boas condições. Apenas a caixa que veio bem amassada e danificada, o que ficará chato, pois se trata de um presente.', 'review_creation_date': '2017-10-11 00:00:00', 'review_answer_timestamp': '2017-10-12 03:43:48'}, 'order_to_customer': {'customer_id': '9ef432eb6251297304e76186b10a928d', 'customer_unique_id': '7c396fd4830fd04220f754e42b4e5bff', 'customer_zip_code_prefix': 3149, 'customer_city': 'sao paulo', 'customer_state': 'SP'}}
{'_id': ObjectId('6aacf46c342e44e218f3400a'), 'order_id': '53cdb2fc8bc7dce0b6741e2150273451', 'customer_id': 'b0830fb4747a6c6d20dea0b8c802d7ef', 'order_status': 'delivered', 'order_purchase_timestamp': '2018-07-24 20:41:37', 'order_approved_at': '2018-07-26 03:24:27', 'order_delivered_carrier_date': '2018-07-26 14:31:00', 'order_delivered_customer_date': '2018-08-07 15:27:45', 'order_estimated_delivery_date': '2018-08-13 00:00:00', 'payments': {'order_id': '53cdb2fc8bc7dce0b6741e2150273451', 'payment_sequential': 1, 'payment_type': 'boleto', 'payment_installments': 1, 'payment_value': 141.46}, 'items': {'order_id': '53cdb2fc8bc7dce0b6741e2150273451', 'order_item_id': 1, 'product_id': '595fac2a385ac33a80bd5114aec74eb8', 'seller_id': '289cdb325fb7e7f891c38608bf9e0962', 'shipping_limit_date': '2018-07-30 03:24:27', 'price': 118.7, 'freight_value': 22.76}, 'reviews': {'review_id': '8d5266042046a06655c8db133d120ba5', 'order_id': '53cdb2fc8bc7dce0b6741e2150273451', 'review_score': 4, 'review_comment_title': 'Muito boa a loja', 'review_comment_message': 'Muito bom o produto.', 'review_creation_date': '2018-08-08 00:00:00', 'review_answer_timestamp': '2018-08-08 18:37:50'}, 'order_to_customer': {'customer_id': 'b0830fb4747a6c6d20dea0b8c802d7ef', 'customer_unique_id': 'af07308b275d755c9edb36a90c618231', 'customer_zip_code_prefix': 47813, 'customer_city': 'barreiras', 'customer_state': 'BA'}}
{'_id': ObjectId('6aacf46c342e44e218f3400b'), 'order_id': '47770eb9100c2d0c44946d9cf07ec65d', 'customer_id': '41ce2a54c0b03bf3443c3d931a367089', 'order_status': 'delivered', 'order_purchase_timestamp': '2018-08-08 08:38:49', 'order_approved_at': '2018-08-08 08:55:23', 'order_delivered_carrier_date': '2018-08-08 13:50:00', 'order_delivered_customer_date': '2018-08-17 18:06:29', 'order_estimated_delivery_date': '2018-09-04 00:00:00', 'payments': {'order_id': '47770eb9100c2d0c44946d9cf07ec65d', 'payment_sequential': 1, 'payment_type': 'credit_card', 'payment_installments': 3, 'payment_value': 179.12}, 'items': {'order_id': '47770eb9100c2d0c44946d9cf07ec65d', 'order_item_id': 1, 'product_id': 'aa4383b373c6aca5d8797843e5594415', 'seller_id': '4869f7a5dfa277a7dca6462dcf3b52b2', 'shipping_limit_date': '2018-08-13 08:55:23', 'price': 159.9, 'freight_value': 19.22}, 'reviews': {'review_id': 'e73b67b67587f7644d5bd1a52deb1b01', 'order_id': '47770eb9100c2d0c44946d9cf07ec65d', 'review_score': 5, 'review_comment_title': nan, 'review_comment_message': nan, 'review_creation_date': '2018-08-18 00:00:00', 'review_answer_timestamp': '2018-08-22 19:07:58'}, 'order_to_customer': {'customer_id': '41ce2a54c0b03bf3443c3d931a367089', 'customer_unique_id': '3a653a41f6f9fc3d2a113cf8398680e8', 'customer_zip_code_prefix': 75265, 'customer_city': 'vianopolis', 'customer_state': 'GO'}}
